{
  "dataset": "haploid_missing",
  "ploidy": 1,
  "nInd": 9,
  "pops": "A",
  "indices": {
    "all": {
      "L1": {
        "N": 9,
        "Nall": 3,
        "GD": 0.555555555555556,
        "PIC": 0.437738149672306,
        "PM": 0.506172839506173,
        "PD": 0.493827160493827
      },
      "L2": {
        "N": 9,
        "Nall": 3,
        "GD": 0.555555555555556,
        "PIC": 0.437738149672306,
        "PM": 0.506172839506173,
        "PD": 0.493827160493827
      },
      "L3": {
        "N": 9,
        "Nall": 3,
        "GD": 0.555555555555556,
        "PIC": 0.437738149672306,
        "PM": 0.506172839506173,
        "PD": 0.493827160493827
      },
      "L4": {
        "N": 9,
        "Nall": 4,
        "GD": 0.583333333333333,
        "PIC": 0.484682213077275,
        "PM": 0.481481481481481,
        "PD": 0.518518518518519
      }
    },
    "A": {
      "L1": {
        "N": 9,
        "Nall": 3,
        "GD": 0.555555555555556,
        "PIC": 0.437738149672306,
        "PM": 0.506172839506173,
        "PD": 0.493827160493827
      },
      "L2": {
        "N": 9,
        "Nall": 3,
        "GD": 0.555555555555556,
        "PIC": 0.437738149672306,
        "PM": 0.506172839506173,
        "PD": 0.493827160493827
      },
      "L3": {
        "N": 9,
        "Nall": 3,
        "GD": 0.555555555555556,
        "PIC": 0.437738149672306,
        "PM": 0.506172839506173,
        "PD": 0.493827160493827
      },
      "L4": {
        "N": 9,
        "Nall": 4,
        "GD": 0.583333333333333,
        "PIC": 0.484682213077275,
        "PM": 0.481481481481481,
        "PD": 0.518518518518519
      }
    }
  },
  "freqs": {
    "all": {
      "L1": {
        "N": 9,
        "freq": {
          "0": 0.111111111111111,
          "10": 0.666666666666667,
          "11": 0.222222222222222
        }
      },
      "L2": {
        "N": 9,
        "freq": {
          "0": 0.111111111111111,
          "12": 0.666666666666667,
          "13": 0.222222222222222
        }
      },
      "L3": {
        "N": 9,
        "freq": {
          "0": 0.111111111111111,
          "15": 0.666666666666667,
          "16": 0.222222222222222
        }
      },
      "L4": {
        "N": 9,
        "freq": {
          "0": 0.111111111111111,
          "20": 0.666666666666667,
          "21": 0.111111111111111,
          "22": 0.111111111111111
        }
      }
    },
    "A": {
      "L1": {
        "N": 9,
        "freq": {
          "0": 0.111111111111111,
          "10": 0.666666666666667,
          "11": 0.222222222222222
        }
      },
      "L2": {
        "N": 9,
        "freq": {
          "0": 0.111111111111111,
          "12": 0.666666666666667,
          "13": 0.222222222222222
        }
      },
      "L3": {
        "N": 9,
        "freq": {
          "0": 0.111111111111111,
          "15": 0.666666666666667,
          "16": 0.222222222222222
        }
      },
      "L4": {
        "N": 9,
        "freq": {
          "0": 0.111111111111111,
          "20": 0.666666666666667,
          "21": 0.111111111111111,
          "22": 0.111111111111111
        }
      }
    }
  },
  "pca": {
    "nInd": 9,
    "nCols": 13,
    "sdev": [2.04480930379869, 1.70625826769635, 1.50594061730771, 1.47676070975811, 1.01206807849975, 0.659148316204777, 2.87931210910437e-16, 1.63695592845162e-16, 6.678044068175e-17],
    "eigenvalues": [4.18124508890168, 2.91131727608214, 2.26785714285714, 2.18082219388527, 1.02428179551817, 0.434476502755593, 8.29043822163507e-32, 2.6796247116929e-32, 4.45962725764873e-33],
    "variance": [0.32163, 0.22395, 0.17445, 0.16776, 0.07879, 0.03342, 0, 0, 0],
    "cumulative": [0.32163, 0.54558, 0.72003, 0.88779, 0.96658, 1, 1, 1, 1],
    "pairDist": [
      [0, 0, 3.58351229621894, 4.61213361278214, 2.3399006419366, 4.61213361278214, 5.05275334015072, 6.35806592004051, 0],
      [0, 0, 3.58351229621894, 4.61213361278214, 2.3399006419366, 4.61213361278214, 5.05275334015072, 6.35806592004051, 0],
      [3.58351229621894, 3.58351229621894, 0, 5.90392587416563, 3.44112047316867, 5.90392587416563, 6.23838636755237, 6.7245075744855, 3.58351229621894],
      [4.61213361278214, 4.61213361278214, 5.90392587416563, 0, 5.50651958900101, 6.02376246923086, 6.33098427719279, 5.94134216677111, 4.61213361278214],
      [2.3399006419366, 2.3399006419366, 3.44112047316867, 5.50651958900101, 0, 5.50651958900101, 5.79917763372786, 5.23312460099862, 2.3399006419366],
      [4.61213361278214, 4.61213361278214, 5.90392587416563, 6.02376246923086, 5.50651958900101, 0, 6.33098427719279, 5.94134216677111, 4.61213361278214],
      [5.05275334015072, 5.05275334015072, 6.23838636755237, 6.33098427719279, 5.79917763372786, 6.33098427719279, 0, 7.06211236997654, 5.05275334015072],
      [6.35806592004051, 6.35806592004051, 6.7245075744855, 5.94134216677111, 5.23312460099862, 5.94134216677111, 7.06211236997654, 0, 6.35806592004051],
      [0, 0, 3.58351229621894, 4.61213361278214, 2.3399006419366, 4.61213361278214, 5.05275334015072, 6.35806592004051, 0]
    ],
    "individuals": ["H1", "H2", "H3", "H4", "H5", "H6", "H7", "H8", "H9"]
  },
  "conversions": {
    "genepop": "STRAF-generated GENEPOP input file. \nL1 \nL2 \nL3 \nL4 \nPop \nH1\t,\t100\t120\t150\t200 \nH2\t,\t100\t120\t150\t200 \nH3\t,\t100\t000\t150\t200 \nH4\t,\t110\t120\t000\t200 \nH5\t,\t100\t130\t150\t200 \nH6\t,\t100\t120\t160\t000 \nH7\t,\t000\t120\t150\t210 \nH8\t,\t110\t130\t160\t220 \nH9\t,\t100\t120\t150\t200 ",
    "euroformix": {
      "all": "Allele,L1,L2,L3,L4\n0,0.111111111111111,0.111111111111111,0.111111111111111,0.111111111111111\n10,0.666666666666667,,,\n11,0.222222222222222,,,\n12,,0.666666666666667,,\n13,,0.222222222222222,,\n15,,,0.666666666666667,\n16,,,0.222222222222222,\n20,,,,0.666666666666667\n21,,,,0.111111111111111\n22,,,,0.111111111111111",
      "A": "Allele,L1,L2,L3,L4\n0,0.111111111111111,0.111111111111111,0.111111111111111,0.111111111111111\n10,0.666666666666667,,,\n11,0.222222222222222,,,\n12,,0.666666666666667,,\n13,,0.222222222222222,,\n15,,,0.666666666666667,\n16,,,0.222222222222222,\n20,,,,0.666666666666667\n21,,,,0.111111111111111\n22,,,,0.111111111111111"
    },
    "strmix": {
      "all": "Allele,L1,L2,L3,L4\n0,0.111111111111111,0.111111111111111,0.111111111111111,0.111111111111111\n10,0.666666666666667,0,0,0\n11,0.222222222222222,0,0,0\n12,0,0.666666666666667,0,0\n13,0,0.222222222222222,0,0\n15,0,0,0.666666666666667,0\n16,0,0,0.222222222222222,0\n20,0,0,0,0.666666666666667\n21,0,0,0,0.111111111111111\n22,0,0,0,0.111111111111111\nN,9,9,9,9",
      "A": "Allele,L1,L2,L3,L4\n0,0.111111111111111,0.111111111111111,0.111111111111111,0.111111111111111\n10,0.666666666666667,0,0,0\n11,0.222222222222222,0,0,0\n12,0,0.666666666666667,0,0\n13,0,0.222222222222222,0,0\n15,0,0,0.666666666666667,0\n16,0,0,0.222222222222222,0\n20,0,0,0,0.666666666666667\n21,0,0,0,0.111111111111111\n22,0,0,0,0.111111111111111\nN,9,9,9,9"
    },
    "lrmix": {
      "all": "Allele,L1,L2,L3,L4\n0,0.111111111111111,0.111111111111111,0.111111111111111,0.111111111111111\n10,0.666666666666667,,,\n11,0.222222222222222,,,\n12,,0.666666666666667,,\n13,,0.222222222222222,,\n15,,,0.666666666666667,\n16,,,0.222222222222222,\n20,,,,0.666666666666667\n21,,,,0.111111111111111\n22,,,,0.111111111111111",
      "A": "Allele,L1,L2,L3,L4\n0,0.111111111111111,0.111111111111111,0.111111111111111,0.111111111111111\n10,0.666666666666667,,,\n11,0.222222222222222,,,\n12,,0.666666666666667,,\n13,,0.222222222222222,,\n15,,,0.666666666666667,\n16,,,0.222222222222222,\n20,,,,0.666666666666667\n21,,,,0.111111111111111\n22,,,,0.111111111111111"
    }
  }
}
