{
  "dataset": "monomorphic_diploid",
  "ploidy": 2,
  "nInd": 16,
  "pops": ["A", "B"],
  "indices": {
    "all": {
      "L1": {
        "N": 32,
        "Nall": 6,
        "GD": 0.840725806451613,
        "PIC": 0.788022994995117,
        "PM": 0.09375,
        "PD": 0.90625,
        "Hobs": 0.6875,
        "PE": 0.409189224243164,
        "TPI": 1.6,
        "Fst": 0.241217798594848,
        "Ht": 0.8382,
        "Fis": 0.0494
      },
      "L2": {
        "N": 32,
        "Nall": 1,
        "GD": 0,
        "PIC": 0,
        "PM": 1,
        "PD": 0,
        "Hobs": 0,
        "PE": 0,
        "TPI": 0.5,
        "Fst": null,
        "Ht": 0,
        "Fis": null
      },
      "L3": {
        "N": 32,
        "Nall": 5,
        "GD": 0.808467741935484,
        "PIC": 0.748441696166992,
        "PM": 0.1328125,
        "PD": 0.8671875,
        "Hobs": 0.8125,
        "PE": 0.622442245483398,
        "TPI": 2.66666666666667,
        "Fst": 0.231527093596059,
        "Ht": 0.8013,
        "Fis": -0.1667
      }
    },
    "A": {
      "L1": {
        "N": 16,
        "Nall": 4,
        "GD": 0.766666666666667,
        "PIC": 0.66748046875,
        "PM": 0.15625,
        "PD": 0.84375,
        "Hobs": 0.75,
        "PE": 0.509765625,
        "TPI": 2
      },
      "L2": {
        "N": 16,
        "Nall": 1,
        "GD": 0,
        "PIC": 0,
        "PM": 1,
        "PD": 0,
        "Hobs": 0,
        "PE": 0,
        "TPI": 0.5
      },
      "L3": {
        "N": 16,
        "Nall": 4,
        "GD": 0.741666666666667,
        "PIC": 0.635711669921875,
        "PM": 0.21875,
        "PD": 0.78125,
        "Hobs": 0.75,
        "PE": 0.509765625,
        "TPI": 2
      }
    },
    "B": {
      "L1": {
        "N": 16,
        "Nall": 3,
        "GD": 0.675,
        "PIC": 0.555633544921875,
        "PM": 0.21875,
        "PD": 0.78125,
        "Hobs": 0.625,
        "PE": 0.32196044921875,
        "TPI": 1.33333333333333
      },
      "L2": {
        "N": 16,
        "Nall": 1,
        "GD": 0,
        "PIC": 0,
        "PM": 1,
        "PD": 0,
        "Hobs": 0,
        "PE": 0,
        "TPI": 0.5
      },
      "L3": {
        "N": 16,
        "Nall": 3,
        "GD": 0.666666666666667,
        "PIC": 0.5546875,
        "PM": 0.3125,
        "PD": 0.6875,
        "Hobs": 0.875,
        "PE": 0.74468994140625,
        "TPI": 4
      }
    }
  },
  "freqs": {
    "all": {
      "L1": {
        "N": 32,
        "freq": {
          "10": 0.125,
          "11": 0.1875,
          "12": 0.125,
          "13": 0.25,
          "14": 0.21875,
          "15": 0.09375
        }
      },
      "L2": {
        "N": 32,
        "freq": {
          "14": 1
        }
      },
      "L3": {
        "N": 32,
        "freq": {
          "20": 0.15625,
          "21": 0.1875,
          "22": 0.25,
          "23": 0.28125,
          "24": 0.125
        }
      }
    },
    "A": {
      "L1": {
        "N": 16,
        "freq": {
          "10": 0.25,
          "11": 0.375,
          "12": 0.25,
          "13": 0.125,
          "14": 0,
          "15": 0
        }
      },
      "L2": {
        "N": 16,
        "freq": {
          "14": 1
        }
      },
      "L3": {
        "N": 16,
        "freq": {
          "20": 0.3125,
          "21": 0.375,
          "22": 0.25,
          "23": 0.0625,
          "24": 0
        }
      }
    },
    "B": {
      "L1": {
        "N": 16,
        "freq": {
          "10": 0,
          "11": 0,
          "12": 0,
          "13": 0.375,
          "14": 0.4375,
          "15": 0.1875
        }
      },
      "L2": {
        "N": 16,
        "freq": {
          "14": 1
        }
      },
      "L3": {
        "N": 16,
        "freq": {
          "20": 0,
          "21": 0,
          "22": 0.25,
          "23": 0.5,
          "24": 0.25
        }
      }
    }
  },
  "perLocusFstats": {
    "L1": {
      "Ho": 0.6875,
      "Hs": 0.72321429,
      "Ht": 0.83816964,
      "Fis": 0.04938272,
      "Fst": 0.241217798594848
    },
    "L2": {
      "Ho": 0,
      "Hs": 0,
      "Ht": 0,
      "Fis": null,
      "Fst": null
    },
    "L3": {
      "Ho": 0.8125,
      "Hs": 0.69642857,
      "Ht": 0.80133929,
      "Fis": -0.16666667,
      "Fst": 0.231527093596059
    }
  },
  "pairwiseFst": {
    "populations": ["A", "B"],
    "matrix": [
      [null, 0.236494597839136],
      [0.236494597839136, null]
    ]
  },
  "distances": {
    "nei": {
      "populations": ["A", "B"],
      "matrix": [
        [0, 0.376582253542617],
        [0.376582253542617, 0]
      ]
    },
    "edwards": {
      "populations": ["A", "B"],
      "matrix": [
        [0, 0.672487163138265],
        [0.672487163138265, 0]
      ]
    },
    "reynolds": {
      "populations": ["A", "B"],
      "matrix": [
        [0, 0.530577614531575],
        [0.530577614531575, 0]
      ]
    },
    "rogers": {
      "populations": ["A", "B"],
      "matrix": [
        [0, 0.340904243882711],
        [0.340904243882711, 0]
      ]
    },
    "provesti": {
      "populations": ["A", "B"],
      "matrix": [
        [0, 0.520833333333333],
        [0.520833333333333, 0]
      ]
    }
  }
}
