{
  "dataset": "multi_pop_haploid",
  "ploidy": 1,
  "nInd": 17,
  "pops": ["A", "B"],
  "indices": {
    "all": {
      "L1": {
        "N": 17,
        "Nall": 4,
        "GD": 0.720588235294118,
        "PIC": 0.619293351372709,
        "PM": 0.321799307958477,
        "PD": 0.678200692041522,
        "Fst": 0.592173017507724,
        "Ht": 0.7043,
        "Fis": null
      },
      "L2": {
        "N": 17,
        "Nall": 4,
        "GD": 0.720588235294118,
        "PIC": 0.619293351372709,
        "PM": 0.321799307958477,
        "PD": 0.678200692041522,
        "Fst": 0.592173017507724,
        "Ht": 0.7043,
        "Fis": null
      },
      "L3": {
        "N": 17,
        "Nall": 4,
        "GD": 0.683823529411765,
        "PIC": 0.574274733300607,
        "PM": 0.356401384083045,
        "PD": 0.643598615916955,
        "Fst": 0.677088672475653,
        "Ht": 0.66,
        "Fis": null
      },
      "L4": {
        "N": 17,
        "Nall": 4,
        "GD": 0.639705882352941,
        "PIC": 0.521545479579986,
        "PM": 0.397923875432526,
        "PD": 0.602076124567474,
        "Fst": 0.626403538618578,
        "Ht": 0.6184,
        "Fis": null
      },
      "L5": {
        "N": 17,
        "Nall": 4,
        "GD": 0.742647058823529,
        "PIC": 0.645729816453347,
        "PM": 0.301038062283737,
        "PD": 0.698961937716263,
        "Fst": 0.540844779510482,
        "Ht": 0.7309,
        "Fis": null
      }
    },
    "A": {
      "L1": {
        "N": 9,
        "Nall": 2,
        "GD": 0.388888888888889,
        "PIC": 0.285932022557537,
        "PM": 0.654320987654321,
        "PD": 0.345679012345679
      },
      "L2": {
        "N": 9,
        "Nall": 2,
        "GD": 0.388888888888889,
        "PIC": 0.285932022557537,
        "PM": 0.654320987654321,
        "PD": 0.345679012345679
      },
      "L3": {
        "N": 9,
        "Nall": 2,
        "GD": 0.388888888888889,
        "PIC": 0.285932022557537,
        "PM": 0.654320987654321,
        "PD": 0.345679012345679
      },
      "L4": {
        "N": 9,
        "Nall": 3,
        "GD": 0.416666666666667,
        "PIC": 0.340192043895748,
        "PM": 0.62962962962963,
        "PD": 0.37037037037037
      },
      "L5": {
        "N": 9,
        "Nall": 2,
        "GD": 0.388888888888889,
        "PIC": 0.285932022557537,
        "PM": 0.654320987654321,
        "PD": 0.345679012345679
      }
    },
    "B": {
      "L1": {
        "N": 8,
        "Nall": 2,
        "GD": 0.428571428571429,
        "PIC": 0.3046875,
        "PM": 0.625,
        "PD": 0.375
      },
      "L2": {
        "N": 8,
        "Nall": 2,
        "GD": 0.428571428571429,
        "PIC": 0.3046875,
        "PM": 0.625,
        "PD": 0.375
      },
      "L3": {
        "N": 8,
        "Nall": 2,
        "GD": 0.25,
        "PIC": 0.19482421875,
        "PM": 0.78125,
        "PD": 0.21875
      },
      "L4": {
        "N": 8,
        "Nall": 2,
        "GD": 0.25,
        "PIC": 0.19482421875,
        "PM": 0.78125,
        "PD": 0.21875
      },
      "L5": {
        "N": 8,
        "Nall": 2,
        "GD": 0.535714285714286,
        "PIC": 0.35888671875,
        "PM": 0.53125,
        "PD": 0.46875
      }
    }
  },
  "freqs": {
    "all": {
      "L1": {
        "N": 17,
        "freq": {
          "10": 0.411764705882353,
          "11": 0.117647058823529,
          "13": 0.352941176470588,
          "14": 0.117647058823529
        }
      },
      "L2": {
        "N": 17,
        "freq": {
          "12": 0.411764705882353,
          "13": 0.117647058823529,
          "14": 0.352941176470588,
          "15": 0.117647058823529
        }
      },
      "L3": {
        "N": 17,
        "freq": {
          "15": 0.411764705882353,
          "16": 0.117647058823529,
          "17": 0.411764705882353,
          "18": 0.0588235294117647
        }
      },
      "L4": {
        "N": 17,
        "freq": {
          "20": 0.411764705882353,
          "21": 0.0588235294117647,
          "22": 0.470588235294118,
          "23": 0.0588235294117647
        }
      },
      "L5": {
        "N": 17,
        "freq": {
          "30": 0.411764705882353,
          "31": 0.117647058823529,
          "32": 0.294117647058824,
          "33": 0.176470588235294
        }
      }
    },
    "A": {
      "L1": {
        "N": 9,
        "freq": {
          "10": 0.777777777777778,
          "11": 0.222222222222222,
          "13": 0,
          "14": 0
        }
      },
      "L2": {
        "N": 9,
        "freq": {
          "12": 0.777777777777778,
          "13": 0.222222222222222,
          "14": 0,
          "15": 0
        }
      },
      "L3": {
        "N": 9,
        "freq": {
          "15": 0.777777777777778,
          "16": 0.222222222222222,
          "17": 0,
          "18": 0
        }
      },
      "L4": {
        "N": 9,
        "freq": {
          "20": 0.777777777777778,
          "21": 0.111111111111111,
          "22": 0.111111111111111,
          "23": 0
        }
      },
      "L5": {
        "N": 9,
        "freq": {
          "30": 0.777777777777778,
          "31": 0.222222222222222,
          "32": 0,
          "33": 0
        }
      }
    },
    "B": {
      "L1": {
        "N": 8,
        "freq": {
          "10": 0,
          "11": 0,
          "13": 0.75,
          "14": 0.25
        }
      },
      "L2": {
        "N": 8,
        "freq": {
          "12": 0,
          "13": 0,
          "14": 0.75,
          "15": 0.25
        }
      },
      "L3": {
        "N": 8,
        "freq": {
          "15": 0,
          "16": 0,
          "17": 0.875,
          "18": 0.125
        }
      },
      "L4": {
        "N": 8,
        "freq": {
          "20": 0,
          "21": 0,
          "22": 0.875,
          "23": 0.125
        }
      },
      "L5": {
        "N": 8,
        "freq": {
          "30": 0,
          "31": 0,
          "32": 0.625,
          "33": 0.375
        }
      }
    }
  },
  "pca": {
    "nInd": 17,
    "nCols": 20,
    "sdev": [2.77369259358258, 1.77314532727992, 1.43446962147921, 1.36233479598829, 1.08103805059326, 1.05725942427397, 0.908325938545667, 0.90787797871874, 0.899735410842437, 0.66825337277595, 0.238956652280828, 2.83405830512858e-16, 2.40823406619514e-16, 1.29871087447657e-16, 1.00948885847028e-16, 7.8138381986402e-17, 2.53876868971998e-17],
    "eigenvalues": [7.69337060369485, 3.14404435165461, 2.0577030949467, 1.85595609636045, 1.16864326683048, 1.11779749021612, 0.825056010634866, 0.824242424242424, 0.80952380952381, 0.446562570226433, 0.0571002816692605, 8.0318864768683e-32, 5.79959131758279e-32, 1.6866499354837e-32, 1.01906775537562e-32, 6.10560673945287e-33, 6.44534645990251e-34],
    "variance": [0.38467, 0.1572, 0.10289, 0.0928, 0.05843, 0.05589, 0.04125, 0.04121, 0.04048, 0.02233, 0.00286, 0, 0, 0, 0, 0, 0],
    "cumulative": [0.38467, 0.54187, 0.64476, 0.73755, 0.79599, 0.85188, 0.89313, 0.93434, 0.97482, 0.99714, 1, 1, 1, 1, 1, 1, 1],