{
  "dataset": "point_alleles_diploid",
  "ploidy": 2,
  "nInd": 16,
  "pops": ["A", "B"],
  "indices": {
    "all": {
      "L1": {
        "N": 32,
        "Nall": 6,
        "GD": 0.856854838709677,
        "PIC": 0.80634880065918,
        "PM": 0.09375,
        "PD": 0.90625,
        "Hobs": 0.75,
        "PE": 0.509765625,
        "TPI": 2,
        "Fst": 0.23963133640553,
        "Ht": 0.8527,
        "Fis": -0.0182
      },
      "L2": {
        "N": 32,
        "Nall": 4,
        "GD": 0.770161290322581,
        "PIC": 0.698719024658203,
        "PM": 0.140625,
        "PD": 0.859375,
        "Hobs": 0.4375,
        "PE": 0.13841438293457,
        "TPI": 0.888888888888889,
        "Fst": 0.371900826446281,
        "Ht": 0.7695,
        "Fis": 0.2632
      },
      "L3": {
        "N": 32,
        "Nall": 5,
        "GD": 0.808467741935484,
        "PIC": 0.747617721557617,
        "PM": 0.140625,
        "PD": 0.859375,
        "Hobs": 0.75,
        "PE": 0.509765625,
        "TPI": 2,
        "Fst": 0.298162418494369,
        "Ht": 0.8011,
        "Fis": -0.1351
      }
    },
    "A": {
      "L1": {
        "N": 16,
        "Nall": 4,
        "GD": 0.775,
        "PIC": 0.675018310546875,
        "PM": 0.15625,
        "PD": 0.84375,
        "Hobs": 0.75,
        "PE": 0.509765625,
        "TPI": 2
      },
      "L2": {
        "N": 16,
        "Nall": 3,
        "GD": 0.641666666666667,
        "PIC": 0.516326904296875,
        "PM": 0.21875,
        "PD": 0.78125,
        "Hobs": 0.5,
        "PE": 0.1875,
        "TPI": 1
      },
      "L3": {
        "N": 16,
        "Nall": 3,
        "GD": 0.675,
        "PIC": 0.555633544921875,
        "PM": 0.21875,
        "PD": 0.78125,
        "Hobs": 0.625,
        "PE": 0.32196044921875,
        "TPI": 1.33333333333333
      }
    },
    "B": {
      "L1": {
        "N": 16,
        "Nall": 3,
        "GD": 0.7,
        "PIC": 0.58154296875,
        "PM": 0.21875,
        "PD": 0.78125,
        "Hobs": 0.75,
        "PE": 0.509765625,
        "TPI": 2
      },
      "L2": {
        "N": 16,
        "Nall": 2,
        "GD": 0.525,
        "PIC": 0.371063232421875,
        "PM": 0.34375,
        "PD": 0.65625,
        "Hobs": 0.375,
        "PE": 0.09942626953125,
        "TPI": 0.8
      },
      "L3": {
        "N": 16,
        "Nall": 3,
        "GD": 0.658333333333333,
        "PIC": 0.543914794921875,
        "PM": 0.34375,
        "PD": 0.65625,
        "Hobs": 0.875,
        "PE": 0.74468994140625,
        "TPI": 4
      }
    }
  },
  "freqs": {
    "all": {
      "L1": {
        "N": 32,
        "freq": {
          "9": 0.15625,
          "9.3": 0.15625,
          "10": 0.125,
          "11": 0.1875,
          "11.3": 0.1875,
          "12": 0.1875
        }
      },
      "L2": {
        "N": 32,
        "freq": {
          "14": 0.21875,
          "15": 0.21875,
          "16": 0.28125,
          "17": 0.28125
        }
      },
      "L3": {
        "N": 32,
        "freq": {
          "22": 0.21875,
          "23": 0.1875,
          "24": 0.25,
          "25": 0.25,
          "26": 0.09375
        }
      }
    },
    "A": {
      "L1": {
        "N": 16,
        "freq": {
          "9": 0.3125,
          "9.3": 0.3125,
          "10": 0.25,
          "11": 0.125,
          "11.3": 0,
          "12": 0
        }
      },
      "L2": {
        "N": 16,
        "freq": {
          "14": 0.4375,
          "15": 0.4375,
          "16": 0.125,
          "17": 0
        }
      },
      "L3": {
        "N": 16,
        "freq": {
          "22": 0.4375,
          "23": 0.375,
          "24": 0.1875,
          "25": 0,
          "26": 0
        }
      }
    },
    "B": {
      "L1": {
        "N": 16,
        "freq": {
          "9": 0,
          "9.3": 0,
          "10": 0,
          "11": 0.25,
          "11.3": 0.375,
          "12": 0.375
        }
      },
      "L2": {
        "N": 16,
        "freq": {
          "14": 0,
          "15": 0,
          "16": 0.4375,
          "17": 0.5625
        }
      },
      "L3": {
        "N": 16,
        "freq": {
          "22": 0,
          "23": 0,
          "24": 0.3125,
          "25": 0.5,
          "26": 0.1875
        }
      }
    }
  },
  "perLocusFstats": {
    "L1": {
      "Ho": 0.75,
      "Hs": 0.73660714,
      "Ht": 0.85267857,
      "Fis": -0.01818182,
      "Fst": 0.23963133640553
    },
    "L2": {
      "Ho": 0.4375,
      "Hs": 0.59375,
      "Ht": 0.76953125,
      "Fis": 0.26315789,
      "Fst": 0.371900826446281
    },
    "L3": {
      "Ho": 0.75,
      "Hs": 0.66071429,
      "Ht": 0.80106027,
      "Fis": -0.13513514,
      "Fst": 0.298162418494369
    }
  },
  "pairwiseFst": {
    "populations": ["A", "B"],
    "matrix": [
      [null, 0.302716435411374],
      [0.302716435411374, null]
    ]
  },
  "distances": {
    "nei": {
      "populations": ["A", "B"],
      "matrix": [
        [0, 2.05870134854008],
        [2.05870134854008, 0]
      ]
    },
    "edwards": {
      "populations": ["A", "B"],
      "matrix": [
        [0, 0.88455417374932],
        [0.88455417374932, 0]
      ]
    },
    "reynolds": {
      "populations": ["A", "B"],
      "matrix": [
        [0, 0.589465198503048],
        [0.589465198503048, 0]
      ]
    },
    "rogers": {
      "populations": ["A", "B"],
      "matrix": [
        [0, 0.573451139823717],
        [0.573451139823717, 0]
      ]
    },
    "provesti": {
      "populations": ["A", "B"],
      "matrix": [
        [0, 0.854166666666667],
        [0.854166666666667, 0]
      ]
    }
  },
  "pca": {
    "nInd": 16,
    "nCols": 15,
    "sdev": [2.30176646795551, 1.58271823025849, 1.33797696850991, 1.2573855290484, 1.05087480930785, 1.00044159481241, 0.894538298010077, 0.744665506774718, 0.495772192081805, 0.317043895626005, 0.139354807699778, 2.62835648009738e-16, 1.96536651117989e-16, 1.02447849239467e-16, 2.45381197631586e-17],
    "eigenvalues": [5.29812887300437, 2.50499699639257, 1.79018236826296, 1.58101836866033, 1.1043378648378, 1.00088338463079, 0.800198766606766, 0.554526716980047, 0.245790066441598, 0.100516831753713, 0.0194197624290421, 6.90825778646986e-32, 3.86266552326743e-32, 1.04955618137926e-32, 6.02119321511115e-34],
    "variance": [0.35321, 0.167, 0.11935, 0.1054, 0.07362, 0.06673, 0.05335, 0.03697, 0.01639, 0.0067, 0.00129, 0, 0, 0, 0],
    "cumulative": [0.35321, 0.52021, 0.63955, 0.74496, 0.81858, 0.8853, 0.93865, 0.97562, 0.992, 0.99871, 1, 1, 1, 1, 1],