{
  "dataset": "tiny_haploid",
  "ploidy": 1,
  "nInd": 8,
  "pops": "A",
  "indices": {
    "all": {
      "L1": {
        "N": 8,
        "Nall": 2,
        "GD": 0.428571428571429,
        "PIC": 0.3046875,
        "PM": 0.625,
        "PD": 0.375
      },
      "L2": {
        "N": 8,
        "Nall": 2,
        "GD": 0.428571428571429,
        "PIC": 0.3046875,
        "PM": 0.625,
        "PD": 0.375
      },
      "L3": {
        "N": 8,
        "Nall": 2,
        "GD": 0.428571428571429,
        "PIC": 0.3046875,
        "PM": 0.625,
        "PD": 0.375
      },
      "L4": {
        "N": 8,
        "Nall": 3,
        "GD": 0.464285714285714,
        "PIC": 0.37060546875,
        "PM": 0.59375,
        "PD": 0.40625
      }
    },
    "A": {
      "L1": {
        "N": 8,
        "Nall": 2,
        "GD": 0.428571428571429,
        "PIC": 0.3046875,
        "PM": 0.625,
        "PD": 0.375
      },
      "L2": {
        "N": 8,
        "Nall": 2,
        "GD": 0.428571428571429,
        "PIC": 0.3046875,
        "PM": 0.625,
        "PD": 0.375
      },
      "L3": {
        "N": 8,
        "Nall": 2,
        "GD": 0.428571428571429,
        "PIC": 0.3046875,
        "PM": 0.625,
        "PD": 0.375
      },
      "L4": {
        "N": 8,
        "Nall": 3,
        "GD": 0.464285714285714,
        "PIC": 0.37060546875,
        "PM": 0.59375,
        "PD": 0.40625
      }
    }
  },
  "freqs": {
    "all": {
      "L1": {
        "N": 8,
        "freq": {
          "10": 0.75,
          "11": 0.25
        }
      },
      "L2": {
        "N": 8,
        "freq": {
          "12": 0.75,
          "13": 0.25
        }
      },
      "L3": {
        "N": 8,
        "freq": {
          "15": 0.75,
          "16": 0.25
        }
      },
      "L4": {
        "N": 8,
        "freq": {
          "20": 0.75,
          "21": 0.125,
          "22": 0.125
        }
      }
    },
    "A": {
      "L1": {
        "N": 8,
        "freq": {
          "10": 0.75,
          "11": 0.25
        }
      },
      "L2": {
        "N": 8,
        "freq": {
          "12": 0.75,
          "13": 0.25
        }
      },
      "L3": {
        "N": 8,
        "freq": {
          "15": 0.75,
          "16": 0.25
        }
      },
      "L4": {
        "N": 8,
        "freq": {
          "20": 0.75,
          "21": 0.125,
          "22": 0.125
        }
      }
    }
  },
  "pca": {
    "nInd": 8,
    "nCols": 9,
    "sdev": [2.11835899428913, 1.28662827350074, 1.15470053837925, 1.15470053837925, 0.436435780471985, 2.31136496742387e-16, 9.51486434613132e-17, 1.54969632049358e-17],
    "eigenvalues": [4.48744482868564, 1.6554123141715, 1.33333333333333, 1.33333333333333, 0.190476190476191, 5.34240801263435e-32, 9.0532643525281e-33, 2.40155868575133e-34],
    "variance": [0.4986, 0.18393, 0.14815, 0.14815, 0.02116, 0, 0, 0],
    "cumulative": [0.4986, 0.68254, 0.83069, 0.97884, 1, 1, 1, 1],
    "pairDist": [
      [0, 0, 0, 3.05505046330389, 3.05505046330389, 3.05505046330389, 3.55902608401044, 6.37704215656966],
      [0, 0, 0, 3.05505046330389, 3.05505046330389, 3.05505046330389, 3.55902608401044, 6.37704215656966],
      [0, 0, 0, 3.05505046330389, 3.05505046330389, 3.05505046330389, 3.55902608401044, 6.37704215656966],
      [3.05505046330389, 3.05505046330389, 3.05505046330389, 0, 4.32049379893857, 4.32049379893857, 4.69041575982343, 5.59761854124889],
      [3.05505046330389, 3.05505046330389, 3.05505046330389, 4.32049379893857, 0, 4.32049379893857, 4.69041575982343, 5.59761854124889],
      [3.05505046330389, 3.05505046330389, 3.05505046330389, 4.32049379893857, 4.32049379893857, 0, 4.69041575982343, 5.59761854124889],
      [3.55902608401044, 3.55902608401044, 3.55902608401044, 4.69041575982343, 4.69041575982343, 4.69041575982343, 0, 6.6332495807108],
      [6.37704215656966, 6.37704215656966, 6.37704215656966, 5.59761854124889, 5.59761854124889, 5.59761854124889, 6.6332495807108, 0]
    ],
    "individuals": ["H1", "H2", "H3", "H4", "H5", "H6", "H7", "H8"]
  },
  "haplotype": {
    "all": {
      "n": 8,
      "nLoci": 4,
      "haplotypes": [
        {
          "id": "H1",
          "haplotype": "10|12|15|20",
          "count": 3,
          "frequency": 0.375
        },
        {
          "id": "H2",
          "haplotype": "10|12|15|21",
          "count": 1,
          "frequency": 0.125
        },
        {
          "id": "H3",
          "haplotype": "10|12|16|20",
          "count": 1,
          "frequency": 0.125
        },
        {
          "id": "H4",
          "haplotype": "10|13|15|20",
          "count": 1,
          "frequency": 0.125
        },
        {
          "id": "H5",
          "haplotype": "11|12|15|20",
          "count": 1,
          "frequency": 0.125
        },
        {
          "id": "H6",
          "haplotype": "11|13|16|22",
          "count": 1,
          "frequency": 0.125
        }
      ],
      "sumP2": 0.21875,
      "h_div_R": 0.25,
      "diversity_TSlike": 0.892857142857143,
      "d_mat": [
        [0, 1, 1, 1, 1, 4],
        [1, 0, 2, 2, 2, 4],
        [1, 2, 0, 2, 2, 3],
        [1, 2, 2, 0, 2, 3],
        [1, 2, 2, 2, 0, 3],
        [4, 4, 3, 3, 3, 0]
      ]
    },
    "A": {
      "n": 8,
      "nLoci": 4,
      "haplotypes": [
        {
          "id": "H1",
          "haplotype": "10|12|15|20",
          "count": 3,
          "frequency": 0.375
        },
        {
          "id": "H2",
          "haplotype": "10|12|15|21",
          "count": 1,
          "frequency": 0.125
        },
        {
          "id": "H3",
          "haplotype": "10|12|16|20",
          "count": 1,
          "frequency": 0.125
        },
        {
          "id": "H4",
          "haplotype": "10|13|15|20",
          "count": 1,
          "frequency": 0.125
        },
        {
          "id": "H5",
          "haplotype": "11|12|15|20",
          "count": 1,
          "frequency": 0.125
        },
        {
          "id": "H6",
          "haplotype": "11|13|16|22",
          "count": 1,
          "frequency": 0.125
        }
      ],
      "sumP2": 0.21875,
      "h_div_R": 0.25,
      "diversity_TSlike": 0.892857142857143,
      "d_mat": [
        [0, 1, 1, 1, 1, 4],
        [1, 0, 2, 2, 2, 4],
        [1, 2, 0, 2, 2, 3],
        [1, 2, 2, 0, 2, 3],
        [1, 2, 2, 2, 0, 3],
        [4, 4, 3, 3, 3, 0]
      ]
    }
  },
  "conversions": {
    "genepop": "STRAF-generated GENEPOP input file. \nL1 \nL2 \nL3 \nL4 \nPop \nH1\t,\t100\t120\t150\t200 \nH2\t,\t100\t120\t150\t200 \nH3\t,\t100\t120\t150\t200 \nH4\t,\t110\t120\t150\t200 \nH5\t,\t100\t130\t150\t200 \nH6\t,\t100\t120\t160\t200 \nH7\t,\t100\t120\t150\t210 \nH8\t,\t110\t130\t160\t220 ",
    "euroformix": {
      "all": "Allele,L1,L2,L3,L4\n10,0.75,,,\n11,0.25,,,\n12,,0.75,,\n13,,0.25,,\n15,,,0.75,\n16,,,0.25,\n20,,,,0.75\n21,,,,0.125\n22,,,,0.125",
      "A": "Allele,L1,L2,L3,L4\n10,0.75,,,\n11,0.25,,,\n12,,0.75,,\n13,,0.25,,\n15,,,0.75,\n16,,,0.25,\n20,,,,0.75\n21,,,,0.125\n22,,,,0.125"
    },
    "strmix": {
      "all": "Allele,L1,L2,L3,L4\n10,0.75,0,0,0\n11,0.25,0,0,0\n12,0,0.75,0,0\n13,0,0.25,0,0\n15,0,0,0.75,0\n16,0,0,0.25,0\n20,0,0,0,0.75\n21,0,0,0,0.125\n22,0,0,0,0.125\nN,8,8,8,8",
      "A": "Allele,L1,L2,L3,L4\n10,0.75,0,0,0\n11,0.25,0,0,0\n12,0,0.75,0,0\n13,0,0.25,0,0\n15,0,0,0.75,0\n16,0,0,0.25,0\n20,0,0,0,0.75\n21,0,0,0,0.125\n22,0,0,0,0.125\nN,8,8,8,8"
    },
    "lrmix": {
      "all": "Allele,L1,L2,L3,L4\n10,0.75,,,\n11,0.25,,,\n12,,0.75,,\n13,,0.25,,\n15,,,0.75,\n16,,,0.25,\n20,,,,0.75\n21,,,,0.125\n22,,,,0.125",
      "A": "Allele,L1,L2,L3,L4\n10,0.75,,,\n11,0.25,,,\n12,,0.75,,\n13,,0.25,,\n15,,,0.75,\n16,,,0.25,\n20,,,,0.75\n21,,,,0.125\n22,,,,0.125"
    }
  }
}
