{
  "dataset": "tiny_single_pop_diploid",
  "ploidy": 2,
  "nInd": 8,
  "pops": "A",
  "indices": {
    "all": {
      "L1": {
        "N": 16,
        "Nall": 4,
        "GD": 0.783333333333333,
        "PIC": 0.68536376953125,
        "PM": 0.15625,
        "PD": 0.84375,
        "Hobs": 0.625,
        "PE": 0.32196044921875,
        "TPI": 1.33333333333333
      },
      "L2": {
        "N": 16,
        "Nall": 4,
        "GD": 0.741666666666667,
        "PIC": 0.635711669921875,
        "PM": 0.1875,
        "PD": 0.8125,
        "Hobs": 0.75,
        "PE": 0.509765625,
        "TPI": 2
      }
    },
    "A": {
      "L1": {
        "N": 16,
        "Nall": 4,
        "GD": 0.783333333333333,
        "PIC": 0.68536376953125,
        "PM": 0.15625,
        "PD": 0.84375,
        "Hobs": 0.625,
        "PE": 0.32196044921875,
        "TPI": 1.33333333333333
      },
      "L2": {
        "N": 16,
        "Nall": 4,
        "GD": 0.741666666666667,
        "PIC": 0.635711669921875,
        "PM": 0.1875,
        "PD": 0.8125,
        "Hobs": 0.75,
        "PE": 0.509765625,
        "TPI": 2
      }
    }
  },
  "freqs": {
    "all": {
      "L1": {
        "N": 16,
        "freq": {
          "10": 0.1875,
          "11": 0.3125,
          "12": 0.3125,
          "13": 0.1875
        }
      },
      "L2": {
        "N": 16,
        "freq": {
          "14": 0.375,
          "15": 0.3125,
          "16": 0.25,
          "17": 0.0625
        }
      }
    },
    "A": {
      "L1": {
        "N": 16,
        "freq": {
          "10": 0.1875,
          "11": 0.3125,
          "12": 0.3125,
          "13": 0.1875
        }
      },
      "L2": {
        "N": 16,
        "freq": {
          "14": 0.375,
          "15": 0.3125,
          "16": 0.25,
          "17": 0.0625
        }
      }
    }
  },
  "pca": {
    "nInd": 8,
    "nCols": 8,
    "sdev": [1.77776892399297, 1.51702599576542, 1.1158945150375, 0.897280338200328, 0.68725610187956, 0.124564270456741, 7.43410639061586e-17, 5.36955843111271e-17],
    "eigenvalues": [3.16046234711514, 2.30136787182807, 1.24522056869078, 0.805112005320896, 0.472320949570688, 0.0155162574744201, 5.52659378269955e-33, 2.88321577451336e-33],
    "variance": [0.39506, 0.28767, 0.15565, 0.10064, 0.05904, 0.00194, 0, 0],
    "cumulative": [0.39506, 0.68273, 0.83838, 0.93902, 0.99806, 1, 1, 1],
    "pairDist": [
      [0, 2.70358489039096, 4.55439650382876, 3.30411052200267, 5.10507128502808, 2.70358489039096, 4.99995216347366, 4.26846952618401],
      [2.70358489039096, 0, 3.05187145850134, 4.25108204210341, 3.31463334453196, 0, 4.94388348222735, 4.2494922275792],
      [4.55439650382876, 3.05187145850134, 0, 4.03724843187866, 2.98610313168356, 3.05187145850134, 4.72613259338121, 4.85393308471337],
      [3.30411052200267, 4.25108204210341, 4.03724843187866, 0, 4.26569856795084, 4.25108204210341, 3.68653506530104, 3.79908405452192],
      [5.10507128502808, 3.31463334453196, 2.98610313168356, 4.26569856795084, 0, 3.31463334453196, 4.54261129179715, 4.27146510996793],
      [2.70358489039096, 0, 3.05187145850134, 4.25108204210341, 3.31463334453196, 0, 4.94388348222735, 4.2494922275792],
      [4.99995216347366, 4.94388348222735, 4.72613259338121, 3.68653506530104, 4.54261129179715, 4.94388348222735, 0, 3.68954299019947],
      [4.26846952618401, 4.2494922275792, 4.85393308471337, 3.79908405452192, 4.27146510996793, 4.2494922275792, 3.68954299019947, 0]
    ],
    "individuals": ["i1", "i2", "i3", "i4", "i5", "i6", "i7", "i8"]
  }
}
