{
  "dataset": "two_pop_two_loci_diploid",
  "ploidy": 2,
  "nInd": 12,
  "pops": ["A", "B"],
  "indices": {
    "all": {
      "L1": {
        "N": 24,
        "Nall": 6,
        "GD": 0.847826086956522,
        "PIC": 0.784975405092593,
        "PM": 0.111111111111111,
        "PD": 0.888888888888889,
        "Hobs": 0.666666666666667,
        "PE": 0.378600823045267,
        "TPI": 1.5,
        "Fst": 0.316666666666667,
        "Ht": 0.8417,
        "Fis": 0.0244
      },
      "L2": {
        "N": 24,
        "Nall": 5,
        "GD": 0.815217391304348,
        "PIC": 0.745026765046296,
        "PM": 0.138888888888889,
        "PD": 0.861111111111111,
        "Hobs": 0.75,
        "PE": 0.509765625,
        "TPI": 2,
        "Fst": 0.294117647058824,
        "Ht": 0.8056,
        "Fis": -0.125
      }
    },
    "A": {
      "L1": {
        "N": 12,
        "Nall": 3,
        "GD": 0.681818181818182,
        "PIC": 0.545428240740741,
        "PM": 0.222222222222222,
        "PD": 0.777777777777778,
        "Hobs": 0.666666666666667,
        "PE": 0.378600823045267,
        "TPI": 1.5
      },
      "L2": {
        "N": 12,
        "Nall": 3,
        "GD": 0.681818181818182,
        "PIC": 0.545428240740741,
        "PM": 0.222222222222222,
        "PD": 0.777777777777778,
        "Hobs": 0.666666666666667,
        "PE": 0.378600823045267,
        "TPI": 1.5
      }
    },
    "B": {
      "L1": {
        "N": 12,
        "Nall": 3,
        "GD": 0.681818181818182,
        "PIC": 0.545428240740741,
        "PM": 0.222222222222222,
        "PD": 0.777777777777778,
        "Hobs": 0.666666666666667,
        "PE": 0.378600823045267,
        "TPI": 1.5
      },
      "L2": {
        "N": 12,
        "Nall": 3,
        "GD": 0.666666666666667,
        "PIC": 0.535493827160494,
        "PM": 0.333333333333333,
        "PD": 0.666666666666667,
        "Hobs": 0.833333333333333,
        "PE": 0.662294238683128,
        "TPI": 3
      }
    }
  },
  "freqs": {
    "all": {
      "L1": {
        "N": 24,
        "freq": {
          "10": 0.208333333333333,
          "11": 0.208333333333333,
          "12": 0.0833333333333333,
          "13": 0.208333333333333,
          "14": 0.208333333333333,
          "15": 0.0833333333333333
        }
      },
      "L2": {
        "N": 24,
        "freq": {
          "14": 0.208333333333333,
          "15": 0.208333333333333,
          "16": 0.25,
          "17": 0.25,
          "18": 0.0833333333333333
        }
      }
    },
    "A": {
      "L1": {
        "N": 12,
        "freq": {
          "10": 0.416666666666667,
          "11": 0.416666666666667,
          "12": 0.166666666666667,
          "13": 0,
          "14": 0,
          "15": 0
        }
      },
      "L2": {
        "N": 12,
        "freq": {
          "14": 0.416666666666667,
          "15": 0.416666666666667,
          "16": 0.166666666666667,
          "17": 0,
          "18": 0
        }
      }
    },
    "B": {
      "L1": {
        "N": 12,
        "freq": {
          "10": 0,
          "11": 0,
          "12": 0,
          "13": 0.416666666666667,
          "14": 0.416666666666667,
          "15": 0.166666666666667
        }
      },
      "L2": {
        "N": 12,
        "freq": {
          "14": 0,
          "15": 0,
          "16": 0.333333333333333,
          "17": 0.5,
          "18": 0.166666666666667
        }
      }
    }
  },
  "perLocusFstats": {
    "L1": {
      "Ho": 0.66666667,
      "Hs": 0.68333333,
      "Ht": 0.84166667,
      "Fis": 0.02439024,
      "Fst": 0.316666666666667
    },
    "L2": {
      "Ho": 0.75,
      "Hs": 0.66666667,
      "Ht": 0.80555556,
      "Fis": -0.125,
      "Fst": 0.294117647058824
    }
  },
  "pairwiseFst": {
    "populations": ["A", "B"],
    "matrix": [
      [null, 0.305714285714286],
      [0.305714285714286, null]
    ]
  },
  "distances": {
    "nei": {
      "populations": ["A", "B"],
      "matrix": [
        [0, 2.61186425477848],
        [2.61186425477848, 0]
      ]
    },
    "edwards": {
      "populations": ["A", "B"],
      "matrix": [
        [0, 0.939227805062351],
        [0.939227805062351, 0]
      ]
    },
    "reynolds": {
      "populations": ["A", "B"],
      "matrix": [
        [0, 0.600594943130797],
        [0.600594943130797, 0]
      ]
    },
    "rogers": {
      "populations": ["A", "B"],
      "matrix": [
        [0, 0.591838492864607],
        [0.591838492864607, 0]
      ]
    },
    "provesti": {
      "populations": ["A", "B"],
      "matrix": [
        [0, 0.916666666666667],
        [0.916666666666667, 0]
      ]
    }
  },
  "pca": {
    "nInd": 12,
    "nCols": 11,
    "sdev": [1.99043762120189, 1.39689529703794, 1.38297256672502, 1.27558560828656, 1.01994469782521, 0.637792804143281, 0.316295736925031, 2.82331017439153e-16, 1.01424033406065e-16, 9.86688268490478e-17, 5.24470329834253e-17],
    "eigenvalues": [3.96184192389582, 1.95131647088672, 1.912613120314, 1.6271186440678, 1.04028718662176, 0.406779661016949, 0.100042993196948, 7.97108034082274e-32, 1.02868345523547e-32, 9.73553739176738e-33, 2.7506912687645e-33],
    "variance": [0.36017, 0.17739, 0.17387, 0.14792, 0.09457, 0.03698, 0.00909, 0, 0, 0, 0],
    "cumulative": [0.36017, 0.53756, 0.71143, 0.85935, 0.95393, 0.99091, 1, 1, 1, 1, 1],
    "pairDist": [
      [0, 9.99200722162641e-16, 4.48727013008343, 3.53419838521836, 4.63030352876061, 1.49575671002781, 4.62042725652084, 5.37693351800823, 5.04697240535253, 5.35901016790852, 5.49774457540668, 4.62042725652084],
      [9.99200722162641e-16, 0, 4.48727013008343, 3.53419838521836, 4.63030352876061, 1.49575671002781, 4.62042725652084, 5.37693351800823, 5.04697240535253, 5.35901016790852, 5.49774457540668, 4.62042725652084],
      [4.48727013008343, 4.48727013008343, 0, 5.71193062338987, 3.83768763211302, 2.99151342005562, 5.29718910740218, 5.96852397698627, 5.67307631423812, 5.95238224465857, 6.07758667755494, 5.29718910740218],
      [3.53419838521836, 3.53419838521836, 5.71193062338987, 0, 2.99151342005562, 3.83768763211302, 4.1783238417609, 5.69989606791965, 4.6742465031605, 5.68641475196513, 5.13557777994402, 4.1783238417609],
      [4.63030352876061, 4.63030352876061, 3.83768763211302, 2.99151342005562, 0, 3.83768763211302, 4.17832384176091, 5.69989606791965, 4.6742465031605, 5.68641475196513, 5.13557777994402, 4.17832384176091],
      [1.49575671002781, 1.49575671002781, 2.99151342005562, 3.83768763211302, 3.83768763211302, 0, 4.37161982532876, 5.16469998368609, 4.82023260069436, 5.14603748957912, 5.29035984417132, 4.37161982532876],
      [4.62042725652084, 4.62042725652084, 5.29718910740218, 4.1783238417609, 4.17832384176091, 4.37161982532876, 0, 3.16323074894604, 1.77429507401476, 4.3064806161597, 4.19631004422074, 0],
      [5.37693351800823, 5.37693351800823, 5.96852397698627, 5.69989606791965, 5.69989606791965, 5.16469998368609, 3.16323074894604, 0, 4.84117132962506, 4.19631004422074, 6.05675806180599, 3.16323074894604],
      [5.04697240535253, 5.04697240535253, 5.67307631423812, 4.6742465031605, 4.6742465031605, 4.82023260069436, 1.77429507401476, 4.84117132962506, 0, 5.2810418883024, 4.08287374943683, 1.77429507401476],
      [5.35901016790852, 5.35901016790852, 5.95238224465857, 5.68641475196513, 5.68641475196513, 5.14603748957912, 4.3064806161597, 4.19631004422074, 5.2810418883024, 0, 3.16323074894604, 4.3064806161597],
      [5.49774457540668, 5.49774457540668, 6.07758667755494, 5.13557777994402, 5.13557777994402, 5.29035984417132, 4.19631004422074, 6.05675806180599, 4.08287374943683, 3.16323074894604, 0, 4.19631004422074],
      [4.62042725652084, 4.62042725652084, 5.29718910740218, 4.1783238417609, 4.17832384176091, 4.37161982532876, 0, 3.16323074894604, 1.77429507401476, 4.3064806161597, 4.19631004422074, 0]
    ],
    "individuals": ["A1", "A2", "A3", "A4", "A5", "A6", "B1", "B2", "B3", "B4", "B5", "B6"]
  }
}
