{
  "dataset": "with_missing_diploid",
  "ploidy": 2,
  "nInd": 16,
  "pops": ["A", "B"],
  "indices": {
    "all": {
      "L1": {
        "N": 28,
        "Nall": 6,
        "GD": 0.841269841269841,
        "PIC": 0.784106882548938,
        "PM": 0.112244897959184,
        "PD": 0.887755102040816,
        "Hobs": 0.714285714285714,
        "PE": 0.450705063366454,
        "TPI": 1.75,
        "Fst": 0.25531914893617,
        "Ht": 0.8367,
        "Fis": 0
      },
      "L2": {
        "N": 26,
        "Nall": 4,
        "GD": 0.772307692307692,
        "PIC": 0.694771716676587,
        "PM": 0.136094674556213,
        "PD": 0.863905325443787,
        "Hobs": 0.461538461538462,
        "PE": 0.156006173022384,
        "TPI": 0.928571428571429,
        "Fst": 0.341426539165715,
        "Ht": 0.7695,
        "Fis": 0.259
      },
      "L3": {
        "N": 28,
        "Nall": 5,
        "GD": 0.804232804232804,
        "PIC": 0.740062734277384,
        "PM": 0.163265306122449,
        "PD": 0.836734693877551,
        "Hobs": 0.857142857142857,
        "PE": 0.708990301660023,
        "TPI": 3.5,
        "Fst": 0.294871794871795,
        "Ht": 0.7917,
        "Fis": -0.3091
      }
    },
    "A": {
      "L1": {
        "N": 14,
        "Nall": 4,
        "GD": 0.758241758241758,
        "PIC": 0.654883381924198,
        "PM": 0.183673469387755,
        "PD": 0.816326530612245,
        "Hobs": 0.714285714285714,
        "PE": 0.450705063366454,
        "TPI": 1.75
      },
      "L2": {
        "N": 14,
        "Nall": 3,
        "GD": 0.648351648351648,
        "PIC": 0.522855060391504,
        "PM": 0.224489795918367,
        "PD": 0.775510204081633,
        "Hobs": 0.571428571428571,
        "PE": 0.257987743202237,
        "TPI": 1.16666666666667
      },
      "L3": {
        "N": 14,
        "Nall": 4,
        "GD": 0.714285714285714,
        "PIC": 0.600322782174094,
        "PM": 0.26530612244898,
        "PD": 0.73469387755102,
        "Hobs": 0.857142857142857,
        "PE": 0.708990301660023,
        "TPI": 3.5
      }
    },
    "B": {
      "L1": {
        "N": 14,
        "Nall": 3,
        "GD": 0.67032967032967,
        "PIC": 0.551176593086214,
        "PM": 0.26530612244898,
        "PD": 0.73469387755102,
        "Hobs": 0.714285714285714,
        "PE": 0.450705063366454,
        "TPI": 1.75
      },
      "L2": {
        "N": 12,
        "Nall": 2,
        "GD": 0.545454545454545,
        "PIC": 0.375,
        "PM": 0.333333333333333,
        "PD": 0.666666666666667,
        "Hobs": 0.333333333333333,
        "PE": 0.0781893004115226,
        "TPI": 0.75
      },
      "L3": {
        "N": 14,
        "Nall": 3,
        "GD": 0.626373626373626,
        "PIC": 0.51744064972928,
        "PM": 0.387755102040816,
        "PD": 0.612244897959184,
        "Hobs": 0.857142857142857,
        "PE": 0.708990301660023,
        "TPI": 3.5
      }
    }
  },
  "freqs": {
    "all": {
      "L1": {
        "N": 28,
        "freq": {
          "10": 0.107142857142857,
          "11": 0.214285714285714,
          "12": 0.107142857142857,
          "13": 0.214285714285714,
          "14": 0.25,
          "15": 0.107142857142857
        }
      },
      "L2": {
        "N": 26,
        "freq": {
          "14": 0.269230769230769,
          "15": 0.192307692307692,
          "16": 0.307692307692308,
          "17": 0.230769230769231
        }
      },
      "L3": {
        "N": 28,
        "freq": {
          "20": 0.178571428571429,
          "21": 0.214285714285714,
          "22": 0.178571428571429,
          "23": 0.321428571428571,
          "24": 0.107142857142857
        }
      }
    },
    "A": {
      "L1": {
        "N": 14,
        "freq": {
          "10": 0.214285714285714,
          "11": 0.428571428571429,
          "12": 0.214285714285714,
          "13": 0.142857142857143,
          "14": 0,
          "15": 0
        }
      },
      "L2": {
        "N": 14,
        "freq": {
          "14": 0.5,
          "15": 0.357142857142857,
          "16": 0.142857142857143,
          "17": 0
        }
      },
      "L3": {
        "N": 14,
        "freq": {
          "20": 0.357142857142857,
          "21": 0.428571428571429,
          "22": 0.142857142857143,
          "23": 0.0714285714285714,
          "24": 0
        }
      }
    },
    "B": {
      "L1": {
        "N": 14,
        "freq": {
          "10": 0,
          "11": 0,
          "12": 0,
          "13": 0.285714285714286,
          "14": 0.5,
          "15": 0.214285714285714
        }
      },
      "L2": {
        "N": 12,
        "freq": {
          "14": 0,
          "15": 0,
          "16": 0.5,
          "17": 0.5
        }
      },
      "L3": {
        "N": 14,
        "freq": {
          "20": 0,
          "21": 0,
          "22": 0.214285714285714,
          "23": 0.571428571428571,
          "24": 0.214285714285714
        }
      }
    }
  },
  "perLocusFstats": {
    "L1": {
      "Ho": 0.71428571,
      "Hs": 0.71428571,
      "Ht": 0.83673469,
      "Fis": 0,
      "Fst": 0.25531914893617
    },
    "L2": {
      "Ho": 0.45238095,
      "Hs": 0.61049631,
      "Ht": 0.76953387,
      "Fis": 0.25899478,
      "Fst": 0.341426539165715
    },
    "L3": {
      "Ho": 0.85714286,
      "Hs": 0.6547619,
      "Ht": 0.79166667,
      "Fis": -0.30909091,
      "Fst": 0.294871794871795
    }
  },
  "pairwiseFst": {
    "populations": ["A", "B"],
    "matrix": [
      [null, 0.296807157904504],
      [0.296807157904504, null]
    ]
  },
  "distances": {
    "nei": {
      "populations": ["A", "B"],
      "matrix": [
        [0, 1.83928204375376],
        [1.83928204375376, 0]
      ]
    },
    "edwards": {
      "populations": ["A", "B"],
      "matrix": [
        [0, 0.847292587640332],
        [0.847292587640332, 0]
      ]
    },
    "reynolds": {
      "populations": ["A", "B"],
      "matrix": [
        [0, 0.589767824619589],
        [0.589767824619589, 0]
      ]
    },
    "rogers": {
      "populations": ["A", "B"],
      "matrix": [
        [0, 0.570572977745747],
        [0.570572977745747, 0]
      ]
    },
    "provesti": {
      "populations": ["A", "B"],
      "matrix": [
        [0, 0.833333333333333],
        [0.833333333333333, 0]
      ]
    }
  },
  "pca": {
    "nInd": 16,
    "nCols": 15,
    "sdev": [2.22304250171747, 1.61457188815164, 1.37521715501714, 1.25327252713453, 1.11997279595129, 1.02233781908297, 0.7582176870125, 0.707914938854017, 0.547118976275336, 0.438232703533772, 0.30957693300533, 0.162939090395556, 1.76940509794074e-16, 1.00526921855541e-16, 5.20741750149859e-17],
    "eigenvalues": [4.94191796444226, 2.60684238200956, 1.89122222345343, 1.57069202727018, 1.25433906367096, 1.04517461632732, 0.574894060898585, 0.501143560652686, 0.299339174200572, 0.192047902446519, 0.0958378774489868, 0.0265491471789311, 3.13079440061869e-32, 1.01056620177501e-32, 2.71171970349139e-33],
    "variance": [0.32946, 0.17379, 0.12608, 0.10471, 0.08362, 0.06968, 0.03833, 0.03341, 0.01996, 0.0128, 0.00639, 0.00177, 0, 0, 0],
    "cumulative": [0.32946, 0.50325, 0.62933, 0.73404, 0.81767, 0.88735, 0.92567, 0.95908, 0.97904, 0.99184, 0.99823, 1, 1, 1, 1],