{
  "dataset": "haploid_missing",
  "ploidy": 1,
  "nInd": 9,
  "pops": [
    "A"
  ],
  "indices": {
    "all": {
      "L1": {
        "N": 8,
        "Nall": 2,
        "GD": 0.42857142857142855,
        "PIC": 0.3046875,
        "PM": 0.625,
        "PD": 0.375
      },
      "L2": {
        "N": 8,
        "Nall": 2,
        "GD": 0.42857142857142855,
        "PIC": 0.3046875,
        "PM": 0.625,
        "PD": 0.375
      },
      "L3": {
        "N": 8,
        "Nall": 2,
        "GD": 0.42857142857142855,
        "PIC": 0.3046875,
        "PM": 0.625,
        "PD": 0.375
      },
      "L4": {
        "N": 8,
        "Nall": 3,
        "GD": 0.4642857142857143,
        "PIC": 0.37060546875,
        "PM": 0.59375,
        "PD": 0.40625
      }
    },
    "A": {
      "L1": {
        "N": 8,
        "Nall": 2,
        "GD": 0.42857142857142855,
        "PIC": 0.3046875,
        "PM": 0.625,
        "PD": 0.375
      },
      "L2": {
        "N": 8,
        "Nall": 2,
        "GD": 0.42857142857142855,
        "PIC": 0.3046875,
        "PM": 0.625,
        "PD": 0.375
      },
      "L3": {
        "N": 8,
        "Nall": 2,
        "GD": 0.42857142857142855,
        "PIC": 0.3046875,
        "PM": 0.625,
        "PD": 0.375
      },
      "L4": {
        "N": 8,
        "Nall": 3,
        "GD": 0.4642857142857143,
        "PIC": 0.37060546875,
        "PM": 0.59375,
        "PD": 0.40625
      }
    }
  },
  "freqs": {
    "all": {
      "L1": {
        "N": 8,
        "freq": {
          "10": 0.75,
          "11": 0.25
        }
      },
      "L2": {
        "N": 8,
        "freq": {
          "12": 0.75,
          "13": 0.25
        }
      },
      "L3": {
        "N": 8,
        "freq": {
          "15": 0.75,
          "16": 0.25
        }
      },
      "L4": {
        "N": 8,
        "freq": {
          "20": 0.75,
          "21": 0.125,
          "22": 0.125
        }
      }
    },
    "A": {
      "L1": {
        "N": 8,
        "freq": {
          "10": 0.75,
          "11": 0.25
        }
      },
      "L2": {
        "N": 8,
        "freq": {
          "12": 0.75,
          "13": 0.25
        }
      },
      "L3": {
        "N": 8,
        "freq": {
          "15": 0.75,
          "16": 0.25
        }
      },
      "L4": {
        "N": 8,
        "freq": {
          "20": 0.75,
          "21": 0.125,
          "22": 0.125
        }
      }
    }
  },
  "pca": {
    "nInd": 9,
    "nCols": 9,
    "eigenvalues": [
      4.617777513922677,
      1.7857225261782697,
      1.317706270736667,
      1.0797525124629594,
      0.19904117669942856,
      1.6859222754049774e-16,
      1.2889167888108803e-16,
      2.455289310359742e-17,
      0
    ],
    "variance": [
      0.5130863904358529,
      0.1984136140198077,
      0.14641180785962962,
      0.11997250138477325,
      0.0221156862999365,
      1.8732469726721967e-17,
      1.4321297653454223e-17,
      2.728099233733046e-18,
      0
    ],
    "cumulative": [
      0.5130863904358529,
      0.7115000044556606,
      0.8579118123152902,
      0.9778843137000635,
      1,
      1,
      1,
      1,
      1
    ],
    "pairDist": [
      [
        0,
        0,
        0.8164965809277259,
        3.366501646120694,
        3.2659863237109072,
        3.3594217189442444,
        3.891382420536069,
        6.817344825970779,
        2.4871676103424826e-15
      ],
      [
        0,
        0,
        0.8164965809277259,
        3.366501646120694,
        3.2659863237109072,
        3.3594217189442444,
        3.891382420536069,
        6.817344825970779,
        2.4871676103424826e-15
      ],
      [
        0.8164965809277259,
        0.8164965809277259,
        0,
        3.464101615137756,
        2.4494897427831814,
        3.4572215654165084,
        3.9761191895520214,
        6.466028441750307,
        0.8164965809277264
      ],
      [
        3.366501646120694,
        3.366501646120694,
        3.464101615137756,
        0,
        4.690415759823433,
        4.157609203101502,
        4.598136268408881,
        5.580578567035607,
        3.3665016461206956
      ],
      [
        3.2659863237109072,
        3.2659863237109072,
        2.4494897427831814,
        4.690415759823433,
        0,
        4.685336802448783,
        5.08030745226348,
        5.984105932344771,
        3.2659863237109077
      ],
      [
        3.3594217189442444,
        3.3594217189442444,
        3.4572215654165084,
        4.157609203101502,
        4.685336802448783,
        0,
        4.634241089562616,
        5.610364558225298,
        3.359421718944243
      ],
      [
        3.891382420536069,
        3.891382420536069,
        3.9761191895520214,
        4.598136268408881,
        5.08030745226348,
        4.634241089562616,
        0,
        6.754187413675141,
        3.8913824205360696
      ],
      [
        6.817344825970779,
        6.817344825970779,
        6.466028441750307,
        5.580578567035607,
        5.984105932344771,
        5.610364558225298,
        6.754187413675141,
        0,
        6.81734482597078
      ],
      [
        2.4871676103424826e-15,
        2.4871676103424826e-15,
        0.8164965809277264,
        3.3665016461206956,
        3.2659863237109077,
        3.359421718944243,
        3.8913824205360696,
        6.81734482597078,
        0
      ]
    ],
    "individuals": [
      "H1",
      "H2",
      "H3",
      "H4",
      "H5",
      "H6",
      "H7",
      "H8",
      "H9"
    ]
  },
  "haplotype": {
    "all": {
      "n": 5,
      "nLoci": 4,
      "haplotypes": [
        {
          "id": "H1",
          "haplotype": "10|12|15|20",
          "count": 3,
          "frequency": 0.6
        },
        {
          "id": "H2",
          "haplotype": "10|13|15|20",
          "count": 1,
          "frequency": 0.2
        },
        {
          "id": "H3",
          "haplotype": "11|13|16|22",
          "count": 1,
          "frequency": 0.2
        }
      ],
      "sumP2": 0.44000000000000006,
      "h_div_R": 0.55,
      "diversity_TSlike": 0.7,
      "d_mat": [
        [
          0,
          1,
          4
        ],
        [
          1,
          0,
          3
        ],
        [
          4,
          3,
          0
        ]
      ]
    },
    "A": {
      "n": 5,
      "nLoci": 4,
      "haplotypes": [
        {
          "id": "H1",
          "haplotype": "10|12|15|20",
          "count": 3,
          "frequency": 0.6
        },
        {
          "id": "H2",
          "haplotype": "10|13|15|20",
          "count": 1,
          "frequency": 0.2
        },
        {
          "id": "H3",
          "haplotype": "11|13|16|22",
          "count": 1,
          "frequency": 0.2
        }
      ],
      "sumP2": 0.44000000000000006,
      "h_div_R": 0.55,
      "diversity_TSlike": 0.7,
      "d_mat": [
        [
          0,
          1,
          4
        ],
        [
          1,
          0,
          3
        ],
        [
          4,
          3,
          0
        ]
      ]
    }
  },
  "conversions": {
    "genepop": "STRAF-generated GENEPOP input file.\nL1\nL2\nL3\nL4\nPop\nH1\t,\t100\t120\t150\t200\nH2\t,\t100\t120\t150\t200\nH3\t,\t100\t000\t150\t200\nH4\t,\t110\t120\t000\t200\nH5\t,\t100\t130\t150\t200\nH6\t,\t100\t120\t160\t000\nH7\t,\t000\t120\t150\t210\nH8\t,\t110\t130\t160\t220\nH9\t,\t100\t120\t150\t200\n",
    "euroformix": {
      "all": "Allele,L1,L2,L3,L4\n10,0.75,,,\n11,0.25,,,\n12,,0.75,,\n13,,0.25,,\n15,,,0.75,\n16,,,0.25,\n20,,,,0.75\n21,,,,0.125\n22,,,,0.125\n",
      "A": "Allele,L1,L2,L3,L4\n10,0.75,,,\n11,0.25,,,\n12,,0.75,,\n13,,0.25,,\n15,,,0.75,\n16,,,0.25,\n20,,,,0.75\n21,,,,0.125\n22,,,,0.125\n"
    },
    "strmix": {
      "all": "Allele,L1,L2,L3,L4\n10,0.75,,,\n11,0.25,,,\n12,,0.75,,\n13,,0.25,,\n15,,,0.75,\n16,,,0.25,\n20,,,,0.75\n21,,,,0.125\n22,,,,0.125\nN,8,8,8,8\n",