{
  "dataset": "haploid_point_alleles",
  "ploidy": 1,
  "nInd": 8,
  "pops": [
    "A"
  ],
  "indices": {
    "all": {
      "L1": {
        "N": 8,
        "Nall": 3,
        "GD": 0.6785714285714286,
        "PIC": 0.51123046875,
        "PM": 0.40625,
        "PD": 0.59375
      },
      "L2": {
        "N": 8,
        "Nall": 3,
        "GD": 0.6785714285714286,
        "PIC": 0.51123046875,
        "PM": 0.40625,
        "PD": 0.59375
      },
      "L3": {
        "N": 8,
        "Nall": 3,
        "GD": 0.6785714285714286,
        "PIC": 0.51123046875,
        "PM": 0.40625,
        "PD": 0.59375
      }
    },
    "A": {
      "L1": {
        "N": 8,
        "Nall": 3,
        "GD": 0.6785714285714286,
        "PIC": 0.51123046875,
        "PM": 0.40625,
        "PD": 0.59375
      },
      "L2": {
        "N": 8,
        "Nall": 3,
        "GD": 0.6785714285714286,
        "PIC": 0.51123046875,
        "PM": 0.40625,
        "PD": 0.59375
      },
      "L3": {
        "N": 8,
        "Nall": 3,
        "GD": 0.6785714285714286,
        "PIC": 0.51123046875,
        "PM": 0.40625,
        "PD": 0.59375
      }
    }
  },
  "freqs": {
    "all": {
      "L1": {
        "N": 8,
        "freq": {
          "9": 0.5,
          "10": 0.125,
          "9.3": 0.375
        }
      },
      "L2": {
        "N": 8,
        "freq": {
          "14": 0.5,
          "15": 0.375,
          "16": 0.125
        }
      },
      "L3": {
        "N": 8,
        "freq": {
          "22": 0.5,
          "23": 0.375,
          "24": 0.125
        }
      }
    },
    "A": {
      "L1": {
        "N": 8,
        "freq": {
          "9": 0.5,
          "10": 0.125,
          "9.3": 0.375
        }
      },
      "L2": {
        "N": 8,
        "freq": {
          "14": 0.5,
          "15": 0.375,
          "16": 0.125
        }
      },
      "L3": {
        "N": 8,
        "freq": {
          "22": 0.5,
          "23": 0.375,
          "24": 0.125
        }
      }
    }
  },
  "pca": {
    "nInd": 8,
    "nCols": 9,
    "eigenvalues": [
      3.6284351804605888,
      2.4302375601902253,
      2.2833802596141854,
      0.35496349466576343,
      0.3029835050692363,
      2.6490836669513094e-16,
      5.833336498118378e-17,
      2.3552221432960907e-17
    ],
    "variance": [
      0.40315946449562096,
      0.2700263955766917,
      0.2537089177349095,
      0.039440388296195936,
      0.033664833896581814,
      2.943426296612566e-17,
      6.481484997909309e-18,
      2.616913492551212e-18
    ],
    "cumulative": [
      0.40315946449562096,
      0.6731858600723126,
      0.9268947778072221,
      0.966335166103418,
      0.9999999999999998,
      0.9999999999999998,
      0.9999999999999998,
      0.9999999999999998
    ],
    "pairDist": [
      [
        0,
        2.6894857005259096,
        3.8035071534922458,
        2.689485700525911,
        3.803507153492246,
        4.7958315233127236,
        2.689485700525911,
        5.095749863039461
      ],
      [
        2.6894857005259096,
        0,
        4.658325879540851,
        2.074810500188957e-15,
        4.65832587954085,
        4.820096817838141,
        3.8035071534922467,
        4.328202090167851
      ],
      [
        3.8035071534922458,
        4.658325879540851,
        0,
        4.658325879540853,
        3.0561396987540242e-15,
        5.519661825389916,
        2.689485700525908,
        4.355073669487887
      ],
      [
        2.689485700525911,
        2.074810500188957e-15,
        4.658325879540853,
        0,
        4.658325879540851,
        4.820096817838142,
        3.8035071534922484,
        4.328202090167852
      ],
      [
        3.803507153492246,
        4.65832587954085,
        3.0561396987540242e-15,
        4.658325879540851,
        0,
        5.519661825389917,
        2.6894857005259083,
        4.355073669487887
      ],
      [
        4.7958315233127236,
        4.820096817838141,
        5.519661825389916,
        4.820096817838142,
        5.519661825389917,
        0,
        5.498484639728785,
        5.913261931173582
      ],
      [
        2.689485700525911,
        3.8035071534922467,
        2.689485700525908,
        3.8035071534922484,
        2.6894857005259083,
        5.498484639728785,
        0,
        5.118593556827891
      ],
      [
        5.095749863039461,
        4.328202090167851,
        4.355073669487887,
        4.328202090167852,
        4.355073669487887,
        5.913261931173582,
        5.118593556827891,
        0
      ]
    ],
    "individuals": [
      "H1",
      "H2",
      "H3",
      "H4",
      "H5",
      "H6",
      "H7",
      "H8"
    ]
  },
  "haplotype": {
    "all": {
      "n": 8,
      "nLoci": 3,
      "haplotypes": [
        {
          "id": "H1",
          "haplotype": "9.3|14|22",
          "count": 2,
          "frequency": 0.25
        },
        {
          "id": "H2",
          "haplotype": "9|15|23",
          "count": 2,
          "frequency": 0.25
        },
        {
          "id": "H3",
          "haplotype": "9|14|22",
          "count": 1,
          "frequency": 0.125
        },
        {
          "id": "H4",
          "haplotype": "10|14|24",
          "count": 1,
          "frequency": 0.125
        },
        {
          "id": "H5",
          "haplotype": "9|15|22",
          "count": 1,
          "frequency": 0.125
        },
        {
          "id": "H6",
          "haplotype": "9.3|16|23",
          "count": 1,
          "frequency": 0.125
        }
      ],
      "sumP2": 0.1875,
      "h_div_R": 0.21428571428571427,
      "diversity_TSlike": 0.9285714285714285,
      "d_mat": [
        [
          0,
          3,
          1,
          2,
          2,
          2
        ],
        [
          3,
          0,
          2,
          3,
          1,
          2
        ],
        [
          1,
          2,
          0,
          2,
          1,
          3
        ],
        [
          2,
          3,
          2,
          0,
          3,
          3
        ],
        [
          2,
          1,
          1,
          3,
          0,
          3
        ],
        [
          2,
          2,
          3,
          3,
          3,
          0
        ]
      ]
    },
    "A": {
      "n": 8,
      "nLoci": 3,
      "haplotypes": [
        {
          "id": "H1",
          "haplotype": "9.3|14|22",
          "count": 2,
          "frequency": 0.25
        },
        {
          "id": "H2",
          "haplotype": "9|15|23",
          "count": 2,
          "frequency": 0.25
        },
        {
          "id": "H3",
          "haplotype": "9|14|22",
          "count": 1,
          "frequency": 0.125
        },
        {
          "id": "H4",
          "haplotype": "10|14|24",
          "count": 1,
          "frequency": 0.125
        },
        {
          "id": "H5",
          "haplotype": "9|15|22",
          "count": 1,
          "frequency": 0.125
        },
        {
          "id": "H6",
          "haplotype": "9.3|16|23",
          "count": 1,
          "frequency": 0.125
        }
      ],
      "sumP2": 0.1875,
      "h_div_R": 0.21428571428571427,
      "diversity_TSlike": 0.9285714285714285,
      "d_mat": [
        [
          0,
          3,
          1,
          2,
          2,
          2
        ],
        [
          3,
          0,
          2,
          3,
          1,
          2
        ],
        [
          1,
          2,
          0,
          2,
          1,
          3
        ],
        [
          2,
          3,
          2,
          0,
          3,
          3
        ],
        [
          2,
          1,
          1,
          3,
          0,
          3
        ],
        [
          2,
          2,
          3,
          3,
          3,
          0
        ]
      ]
    }
  }
}