{
  "dataset": "monomorphic_diploid",
  "ploidy": 2,
  "nInd": 16,
  "pops": [
    "A",
    "B"
  ],
  "indices": {
    "all": {
      "L1": {
        "N": 32,
        "Nall": 6,
        "GD": 0.8407258064516129,
        "PIC": 0.7880229949951172,
        "PM": 0.09375,
        "PD": 0.90625,
        "Hobs": 0.6875,
        "PE": 0.40918922424316406,
        "TPI": 1.6
      },
      "L2": {
        "N": 32,
        "Nall": 1,
        "GD": 0,
        "PIC": 0,
        "PM": 1,
        "PD": 0,
        "Hobs": 0,
        "PE": 0,
        "TPI": 0.5
      },
      "L3": {
        "N": 32,
        "Nall": 5,
        "GD": 0.8084677419354839,
        "PIC": 0.7484416961669922,
        "PM": 0.1328125,
        "PD": 0.8671875,
        "Hobs": 0.8125,
        "PE": 0.6224422454833984,
        "TPI": 2.6666666666666665
      }
    },
    "A": {
      "L1": {
        "N": 16,
        "Nall": 4,
        "GD": 0.7666666666666667,
        "PIC": 0.66748046875,
        "PM": 0.15625,
        "PD": 0.84375,
        "Hobs": 0.75,
        "PE": 0.509765625,
        "TPI": 2
      },
      "L2": {
        "N": 16,
        "Nall": 1,
        "GD": 0,
        "PIC": 0,
        "PM": 1,
        "PD": 0,
        "Hobs": 0,
        "PE": 0,
        "TPI": 0.5
      },
      "L3": {
        "N": 16,
        "Nall": 4,
        "GD": 0.7416666666666667,
        "PIC": 0.635711669921875,
        "PM": 0.21875,
        "PD": 0.78125,
        "Hobs": 0.75,
        "PE": 0.509765625,
        "TPI": 2
      }
    },
    "B": {
      "L1": {
        "N": 16,
        "Nall": 3,
        "GD": 0.675,
        "PIC": 0.555633544921875,
        "PM": 0.21875,
        "PD": 0.78125,
        "Hobs": 0.625,
        "PE": 0.32196044921875,
        "TPI": 1.3333333333333333
      },
      "L2": {
        "N": 16,
        "Nall": 1,
        "GD": 0,
        "PIC": 0,
        "PM": 1,
        "PD": 0,
        "Hobs": 0,
        "PE": 0,
        "TPI": 0.5
      },
      "L3": {
        "N": 16,
        "Nall": 3,
        "GD": 0.6666666666666666,
        "PIC": 0.5546875,
        "PM": 0.3125,
        "PD": 0.6875,
        "Hobs": 0.875,
        "PE": 0.74468994140625,
        "TPI": 4
      }
    }
  },
  "freqs": {
    "all": {
      "L1": {
        "N": 32,
        "freq": {
          "10": 0.125,
          "11": 0.1875,
          "12": 0.125,
          "13": 0.25,
          "14": 0.21875,
          "15": 0.09375
        }
      },
      "L2": {
        "N": 32,
        "freq": {
          "14": 1
        }
      },
      "L3": {
        "N": 32,
        "freq": {
          "20": 0.15625,
          "21": 0.1875,
          "22": 0.25,
          "23": 0.28125,
          "24": 0.125
        }
      }
    },
    "A": {
      "L1": {
        "N": 16,
        "freq": {
          "10": 0.25,
          "11": 0.375,
          "12": 0.25,
          "13": 0.125
        }
      },
      "L2": {
        "N": 16,
        "freq": {
          "14": 1
        }
      },
      "L3": {
        "N": 16,
        "freq": {
          "20": 0.3125,
          "21": 0.375,
          "22": 0.25,
          "23": 0.0625
        }
      }
    },
    "B": {
      "L1": {
        "N": 16,
        "freq": {
          "13": 0.375,
          "14": 0.4375,
          "15": 0.1875
        }
      },
      "L2": {
        "N": 16,
        "freq": {
          "14": 1
        }
      },
      "L3": {
        "N": 16,
        "freq": {
          "22": 0.25,
          "23": 0.5,
          "24": 0.25
        }
      }
    }
  },
  "perLocusFstats": {
    "L1": {
      "Ho": 0.6875,
      "Hs": 0.7232142857142857,
      "Ht": 0.8381696428571429,
      "Fis": 0.04938271604938271,
      "Fst": 0.2412177985948478
    },
    "L2": {
      "Ho": 0,
      "Hs": 0,
      "Ht": 0,
      "Fis": null,
      "Fst": null
    },
    "L3": {
      "Ho": 0.8125,
      "Hs": 0.6964285714285714,
      "Ht": 0.8013392857142857,
      "Fis": -0.16666666666666674,
      "Fst": 0.23152709359605914
    }
  },
  "pairwiseFst": {
    "populations": [
      "A",
      "B"
    ],
    "matrix": [
      [
        0,
        0.23649459783913568
      ],
      [
        0.23649459783913568,
        0
      ]
    ]
  },
  "distances": {
    "nei": {
      "populations": [
        "A",
        "B"
      ],
      "matrix": [
        [
          0,
          0.37658225354261654
        ],
        [
          0.37658225354261654,
          0
        ]
      ]
    },
    "edwards": {
      "populations": [
        "A",
        "B"
      ],
      "matrix": [
        [
          0,
          0.6724871631382648
        ],
        [
          0.6724871631382648,
          0
        ]
      ]
    },
    "reynolds": {
      "populations": [
        "A",
        "B"
      ],
      "matrix": [
        [
          0,
          0.5305776145315753
        ],
        [
          0.5305776145315753,
          0
        ]
      ]
    },
    "rogers": {
      "populations": [
        "A",
        "B"
      ],
      "matrix": [
        [
          0,
          0.34090424388271107
        ],
        [
          0.34090424388271107,
          0
        ]
      ]
    },
    "provesti": {
      "populations": [
        "A",
        "B"
      ],
      "matrix": [
        [
          0,
          0.5208333333333334
        ],
        [
          0.5208333333333334,
          0
        ]
      ]
    }
  },
  "pca": {
    "nInd": 16,
    "nCols": 12,
    "eigenvalues": [
      3.672015073773419,
      2.0760190710681807,
      1.7133814060607357,
      1.03442140394436,
      0.989092634971035,
      0.7179461318932289,
      0.4735172609231743,
      0.2611604253508499,
      0.06244659201501641,
      0,
      -1.8332040963305794e-16,
      -2.839644710390423e-16
    ],
    "variance": [
      0.33381955216121995,
      0.18872900646074373,
      0.15576194600552143,
      0.09403830944948727,
      0.08991751227009409,
      0.06526783017211171,
      0.043047023720288576,
      0.023741856850077264,
      0.005676962910456037,
      0,
      0,
      0
    ],
    "cumulative": [
      0.33381955216121995,
      0.5225485586219637,
      0.6783105046274851,
      0.7723488140769723,
      0.8622663263470665,
      0.9275341565191781,
      0.9705811802394667,
      0.994323037089544,
      1,
      1,
      1,
      1
    ],