{
  "dataset": "point_alleles_diploid",
  "ploidy": 2,
  "nInd": 16,
  "pops": [
    "A",
    "B"
  ],
  "indices": {
    "all": {
      "L1": {
        "N": 32,
        "Nall": 6,
        "GD": 0.8568548387096774,
        "PIC": 0.8063488006591797,
        "PM": 0.09375,
        "PD": 0.90625,
        "Hobs": 0.75,
        "PE": 0.509765625,
        "TPI": 2
      },
      "L2": {
        "N": 32,
        "Nall": 4,
        "GD": 0.7701612903225806,
        "PIC": 0.6987190246582031,
        "PM": 0.140625,
        "PD": 0.859375,
        "Hobs": 0.4375,
        "PE": 0.1384143829345703,
        "TPI": 0.8888888888888888
      },
      "L3": {
        "N": 32,
        "Nall": 5,
        "GD": 0.8084677419354839,
        "PIC": 0.7476177215576172,
        "PM": 0.140625,
        "PD": 0.859375,
        "Hobs": 0.75,
        "PE": 0.509765625,
        "TPI": 2
      }
    },
    "A": {
      "L1": {
        "N": 16,
        "Nall": 4,
        "GD": 0.775,
        "PIC": 0.675018310546875,
        "PM": 0.15625,
        "PD": 0.84375,
        "Hobs": 0.75,
        "PE": 0.509765625,
        "TPI": 2
      },
      "L2": {
        "N": 16,
        "Nall": 3,
        "GD": 0.6416666666666667,
        "PIC": 0.516326904296875,
        "PM": 0.21875,
        "PD": 0.78125,
        "Hobs": 0.5,
        "PE": 0.1875,
        "TPI": 1
      },
      "L3": {
        "N": 16,
        "Nall": 3,
        "GD": 0.675,
        "PIC": 0.555633544921875,
        "PM": 0.21875,
        "PD": 0.78125,
        "Hobs": 0.625,
        "PE": 0.32196044921875,
        "TPI": 1.3333333333333333
      }
    },
    "B": {
      "L1": {
        "N": 16,
        "Nall": 3,
        "GD": 0.7,
        "PIC": 0.58154296875,
        "PM": 0.21875,
        "PD": 0.78125,
        "Hobs": 0.75,
        "PE": 0.509765625,
        "TPI": 2
      },
      "L2": {
        "N": 16,
        "Nall": 2,
        "GD": 0.525,
        "PIC": 0.371063232421875,
        "PM": 0.34375,
        "PD": 0.65625,
        "Hobs": 0.375,
        "PE": 0.09942626953125,
        "TPI": 0.8
      },
      "L3": {
        "N": 16,
        "Nall": 3,
        "GD": 0.6583333333333333,
        "PIC": 0.543914794921875,
        "PM": 0.34375,
        "PD": 0.65625,
        "Hobs": 0.875,
        "PE": 0.74468994140625,
        "TPI": 4
      }
    }
  },
  "freqs": {
    "all": {
      "L1": {
        "N": 32,
        "freq": {
          "9": 0.15625,
          "10": 0.125,
          "11": 0.1875,
          "12": 0.1875,
          "9.3": 0.15625,
          "11.3": 0.1875
        }
      },
      "L2": {
        "N": 32,
        "freq": {
          "14": 0.21875,
          "15": 0.21875,
          "16": 0.28125,
          "17": 0.28125
        }
      },
      "L3": {
        "N": 32,
        "freq": {
          "22": 0.21875,
          "23": 0.1875,
          "24": 0.25,
          "25": 0.25,
          "26": 0.09375
        }
      }
    },
    "A": {
      "L1": {
        "N": 16,
        "freq": {
          "9": 0.3125,
          "10": 0.25,
          "11": 0.125,
          "9.3": 0.3125
        }
      },
      "L2": {
        "N": 16,
        "freq": {
          "14": 0.4375,
          "15": 0.4375,
          "16": 0.125
        }
      },
      "L3": {
        "N": 16,
        "freq": {
          "22": 0.4375,
          "23": 0.375,
          "24": 0.1875
        }
      }
    },
    "B": {
      "L1": {
        "N": 16,
        "freq": {
          "11": 0.25,
          "12": 0.375,
          "11.3": 0.375
        }
      },
      "L2": {
        "N": 16,
        "freq": {
          "16": 0.4375,
          "17": 0.5625
        }
      },
      "L3": {
        "N": 16,
        "freq": {
          "24": 0.3125,
          "25": 0.5,
          "26": 0.1875
        }
      }
    }
  },
  "perLocusFstats": {
    "L1": {
      "Ho": 0.75,
      "Hs": 0.7366071428571428,
      "Ht": 0.8526785714285714,
      "Fis": -0.0181818181818183,
      "Fst": 0.23963133640552997
    },
    "L2": {
      "Ho": 0.4375,
      "Hs": 0.59375,
      "Ht": 0.76953125,
      "Fis": 0.26315789473684215,
      "Fst": 0.371900826446281
    },
    "L3": {
      "Ho": 0.75,
      "Hs": 0.6607142857142857,
      "Ht": 0.8010602678571429,
      "Fis": -0.1351351351351351,
      "Fst": 0.2981624184943687
    }
  },
  "pairwiseFst": {
    "populations": [
      "A",
      "B"
    ],
    "matrix": [
      [
        0,
        0.3027164354113739
      ],
      [
        0.3027164354113739,
        0
      ]
    ]
  },
  "distances": {
    "nei": {
      "populations": [
        "A",
        "B"
      ],
      "matrix": [
        [
          0,
          2.0587013485400814
        ],
        [
          2.0587013485400814,
          0
        ]
      ]
    },
    "edwards": {
      "populations": [
        "A",
        "B"
      ],
      "matrix": [
        [
          0,
          0.8845541737493203
        ],
        [
          0.8845541737493203,
          0
        ]
      ]
    },
    "reynolds": {
      "populations": [
        "A",
        "B"
      ],
      "matrix": [
        [
          0,
          0.5894651985030482
        ],
        [
          0.5894651985030482,
          0
        ]
      ]
    },
    "rogers": {
      "populations": [
        "A",
        "B"
      ],
      "matrix": [
        [
          0,
          0.5734511398237174
        ],
        [
          0.5734511398237174,
          0
        ]
      ]
    },
    "provesti": {
      "populations": [
        "A",
        "B"
      ],
      "matrix": [
        [
          0,
          0.8541666666666666
        ],
        [
          0.8541666666666666,
          0
        ]
      ]
    }
  },
  "pca": {
    "nInd": 16,
    "nCols": 15,
    "eigenvalues": [
      5.298128873004377,
      2.5049969963925722,
      1.790182368262957,
      1.5810183686603307,
      1.1043378648378017,
      1.0008833846307916,
      0.8001987666067653,
      0.5545267169800477,
      0.2457900664415974,
      0.10051683175371323,
      0.019419762429042156,
      1.401441344518547e-16,
      -1.1530401384765941e-16,
      -1.760178577177612e-16,
      -2.6487729576053175e-16
    ],
    "variance": [
      0.3532085915336252,
      0.16699979975950485,
      0.11934549121753048,
      0.1054012245773554,
      0.07362252432252012,
      0.06672555897538611,
      0.053346584440451025,
      0.036968447798669854,
      0.016386004429439827,
      0.006701122116914216,
      0.0012946508286028106,
      9.342942296790314e-18,
      0,
      0,
      0
    ],
    "cumulative": [
      0.3532085915336252,
      0.5202083912931301,
      0.6395538825106606,
      0.744955107088016,
      0.8185776314105362,
      0.8853031903859223,
      0.9386497748263734,
      0.9756182226250432,
      0.992004227054483,
      0.9987053491713972,
      1,
      1,
      1,
      1,
      1
    ],