{
  "dataset": "tiny_haploid",
  "ploidy": 1,
  "nInd": 8,
  "pops": [
    "A"
  ],
  "indices": {
    "all": {
      "L1": {
        "N": 8,
        "Nall": 2,
        "GD": 0.42857142857142855,
        "PIC": 0.3046875,
        "PM": 0.625,
        "PD": 0.375
      },
      "L2": {
        "N": 8,
        "Nall": 2,
        "GD": 0.42857142857142855,
        "PIC": 0.3046875,
        "PM": 0.625,
        "PD": 0.375
      },
      "L3": {
        "N": 8,
        "Nall": 2,
        "GD": 0.42857142857142855,
        "PIC": 0.3046875,
        "PM": 0.625,
        "PD": 0.375
      },
      "L4": {
        "N": 8,
        "Nall": 3,
        "GD": 0.4642857142857143,
        "PIC": 0.37060546875,
        "PM": 0.59375,
        "PD": 0.40625
      }
    },
    "A": {
      "L1": {
        "N": 8,
        "Nall": 2,
        "GD": 0.42857142857142855,
        "PIC": 0.3046875,
        "PM": 0.625,
        "PD": 0.375
      },
      "L2": {
        "N": 8,
        "Nall": 2,
        "GD": 0.42857142857142855,
        "PIC": 0.3046875,
        "PM": 0.625,
        "PD": 0.375
      },
      "L3": {
        "N": 8,
        "Nall": 2,
        "GD": 0.42857142857142855,
        "PIC": 0.3046875,
        "PM": 0.625,
        "PD": 0.375
      },
      "L4": {
        "N": 8,
        "Nall": 3,
        "GD": 0.4642857142857143,
        "PIC": 0.37060546875,
        "PM": 0.59375,
        "PD": 0.40625
      }
    }
  },
  "freqs": {
    "all": {
      "L1": {
        "N": 8,
        "freq": {
          "10": 0.75,
          "11": 0.25
        }
      },
      "L2": {
        "N": 8,
        "freq": {
          "12": 0.75,
          "13": 0.25
        }
      },
      "L3": {
        "N": 8,
        "freq": {
          "15": 0.75,
          "16": 0.25
        }
      },
      "L4": {
        "N": 8,
        "freq": {
          "20": 0.75,
          "21": 0.125,
          "22": 0.125
        }
      }
    },
    "A": {
      "L1": {
        "N": 8,
        "freq": {
          "10": 0.75,
          "11": 0.25
        }
      },
      "L2": {
        "N": 8,
        "freq": {
          "12": 0.75,
          "13": 0.25
        }
      },
      "L3": {
        "N": 8,
        "freq": {
          "15": 0.75,
          "16": 0.25
        }
      },
      "L4": {
        "N": 8,
        "freq": {
          "20": 0.75,
          "21": 0.125,
          "22": 0.125
        }
      }
    }
  },
  "pca": {
    "nInd": 8,
    "nCols": 9,
    "eigenvalues": [
      4.487444828685644,
      1.6554123141714996,
      1.3333333333333337,
      1.3333333333333333,
      0.19047619047619008,
      0,
      0,
      -2.118539535315383e-16
    ],
    "variance": [
      0.49860498096507155,
      0.18393470157461106,
      0.1481481481481482,
      0.14814814814814814,
      0.02116402116402112,
      0,
      0,
      0
    ],
    "cumulative": [
      0.49860498096507155,
      0.6825396825396826,
      0.8306878306878307,
      0.9788359788359788,
      1,
      1,
      1,
      1
    ],
    "pairDist": [
      [
        0,
        0,
        0,
        3.0550504633038935,
        3.0550504633038953,
        3.0550504633038953,
        3.5590260840104393,
        6.377042156569667
      ],
      [
        0,
        0,
        0,
        3.0550504633038935,
        3.0550504633038953,
        3.0550504633038953,
        3.5590260840104393,
        6.377042156569667
      ],
      [
        0,
        0,
        0,
        3.0550504633038935,
        3.0550504633038953,
        3.0550504633038953,
        3.5590260840104393,
        6.377042156569667
      ],
      [
        3.0550504633038935,
        3.0550504633038935,
        3.0550504633038935,
        0,
        4.320493798938574,
        4.320493798938574,
        4.690415759823432,
        5.59761854124889
      ],
      [
        3.0550504633038953,
        3.0550504633038953,
        3.0550504633038953,
        4.320493798938574,
        0,
        4.320493798938577,
        4.690415759823433,
        5.597618541248891
      ],
      [
        3.0550504633038953,
        3.0550504633038953,
        3.0550504633038953,
        4.320493798938574,
        4.320493798938577,
        0,
        4.690415759823433,
        5.597618541248891
      ],
      [
        3.5590260840104393,
        3.5590260840104393,
        3.5590260840104393,
        4.690415759823432,
        4.690415759823433,
        4.690415759823433,
        0,
        6.633249580710803
      ],
      [
        6.377042156569667,
        6.377042156569667,
        6.377042156569667,
        5.59761854124889,
        5.597618541248891,
        5.597618541248891,
        6.633249580710803,
        0
      ]
    ],
    "individuals": [
      "H1",
      "H2",
      "H3",
      "H4",
      "H5",
      "H6",
      "H7",
      "H8"
    ]
  },
  "haplotype": {
    "all": {
      "n": 8,
      "nLoci": 4,
      "haplotypes": [
        {
          "id": "H1",
          "haplotype": "10|12|15|20",
          "count": 3,
          "frequency": 0.375
        },
        {
          "id": "H2",
          "haplotype": "11|12|15|20",
          "count": 1,
          "frequency": 0.125
        },
        {
          "id": "H3",
          "haplotype": "10|13|15|20",
          "count": 1,
          "frequency": 0.125
        },
        {
          "id": "H4",
          "haplotype": "10|12|16|20",
          "count": 1,
          "frequency": 0.125
        },
        {
          "id": "H5",
          "haplotype": "10|12|15|21",
          "count": 1,
          "frequency": 0.125
        },
        {
          "id": "H6",
          "haplotype": "11|13|16|22",
          "count": 1,
          "frequency": 0.125
        }
      ],
      "sumP2": 0.21875,
      "h_div_R": 0.25,
      "diversity_TSlike": 0.8928571428571428,
      "d_mat": [
        [
          0,
          1,
          1,
          1,
          1,
          4
        ],
        [
          1,
          0,
          2,
          2,
          2,
          3
        ],
        [
          1,
          2,
          0,
          2,
          2,
          3
        ],
        [
          1,
          2,
          2,
          0,
          2,
          3
        ],
        [
          1,
          2,
          2,
          2,
          0,
          4
        ],
        [
          4,
          3,
          3,
          3,
          4,
          0
        ]
      ]
    },
    "A": {
      "n": 8,
      "nLoci": 4,
      "haplotypes": [
        {
          "id": "H1",
          "haplotype": "10|12|15|20",
          "count": 3,
          "frequency": 0.375
        },
        {
          "id": "H2",
          "haplotype": "11|12|15|20",
          "count": 1,
          "frequency": 0.125
        },
        {
          "id": "H3",
          "haplotype": "10|13|15|20",
          "count": 1,
          "frequency": 0.125
        },
        {
          "id": "H4",
          "haplotype": "10|12|16|20",
          "count": 1,
          "frequency": 0.125
        },
        {
          "id": "H5",
          "haplotype": "10|12|15|21",
          "count": 1,
          "frequency": 0.125
        },
        {
          "id": "H6",
          "haplotype": "11|13|16|22",
          "count": 1,
          "frequency": 0.125
        }
      ],
      "sumP2": 0.21875,
      "h_div_R": 0.25,
      "diversity_TSlike": 0.8928571428571428,
      "d_mat": [
        [
          0,
          1,
          1,
          1,
          1,
          4
        ],
        [
          1,
          0,
          2,
          2,
          2,
          3
        ],
        [
          1,
          2,
          0,
          2,
          2,
          3
        ],
        [
          1,
          2,
          2,
          0,
          2,
          3
        ],
        [
          1,
          2,
          2,
          2,
          0,
          4
        ],
        [
          4,
          3,
          3,
          3,
          4,
          0
        ]
      ]
    }
  },