{
  "dataset": "tiny_single_pop_diploid",
  "ploidy": 2,
  "nInd": 8,
  "pops": [
    "A"
  ],
  "indices": {
    "all": {
      "L1": {
        "N": 16,
        "Nall": 4,
        "GD": 0.7833333333333333,
        "PIC": 0.68536376953125,
        "PM": 0.15625,
        "PD": 0.84375,
        "Hobs": 0.625,
        "PE": 0.32196044921875,
        "TPI": 1.3333333333333333
      },
      "L2": {
        "N": 16,
        "Nall": 4,
        "GD": 0.7416666666666667,
        "PIC": 0.635711669921875,
        "PM": 0.1875,
        "PD": 0.8125,
        "Hobs": 0.75,
        "PE": 0.509765625,
        "TPI": 2
      }
    },
    "A": {
      "L1": {
        "N": 16,
        "Nall": 4,
        "GD": 0.7833333333333333,
        "PIC": 0.68536376953125,
        "PM": 0.15625,
        "PD": 0.84375,
        "Hobs": 0.625,
        "PE": 0.32196044921875,
        "TPI": 1.3333333333333333
      },
      "L2": {
        "N": 16,
        "Nall": 4,
        "GD": 0.7416666666666667,
        "PIC": 0.635711669921875,
        "PM": 0.1875,
        "PD": 0.8125,
        "Hobs": 0.75,
        "PE": 0.509765625,
        "TPI": 2
      }
    }
  },
  "freqs": {
    "all": {
      "L1": {
        "N": 16,
        "freq": {
          "10": 0.1875,
          "11": 0.3125,
          "12": 0.3125,
          "13": 0.1875
        }
      },
      "L2": {
        "N": 16,
        "freq": {
          "14": 0.375,
          "15": 0.3125,
          "16": 0.25,
          "17": 0.0625
        }
      }
    },
    "A": {
      "L1": {
        "N": 16,
        "freq": {
          "10": 0.1875,
          "11": 0.3125,
          "12": 0.3125,
          "13": 0.1875
        }
      },
      "L2": {
        "N": 16,
        "freq": {
          "14": 0.375,
          "15": 0.3125,
          "16": 0.25,
          "17": 0.0625
        }
      }
    }
  },
  "pca": {
    "nInd": 8,
    "nCols": 8,
    "eigenvalues": [
      3.1604623471151383,
      2.3013678718280746,
      1.2452205686907833,
      0.8051120053208976,
      0.47232094957068826,
      0.015516257474419903,
      -1.3868880162582207e-17,
      -1.8350518197013944e-16
    ],
    "variance": [
      0.39505779338939223,
      0.2876709839785093,
      0.1556525710863479,
      0.10063900066511218,
      0.059040118696336026,
      0.0019395321843024877,
      0,
      0
    ],
    "cumulative": [
      0.39505779338939223,
      0.6827287773679016,
      0.8383813484542495,
      0.9390203491193617,
      0.9980604678156978,
      1.0000000000000002,
      1.0000000000000002,
      1.0000000000000002
    ],
    "pairDist": [
      [
        0,
        2.7035848903909634,
        4.554396503828764,
        3.304110522002671,
        5.105071285028087,
        2.7035848903909634,
        4.999952163473659,
        4.268469526184017
      ],
      [
        2.7035848903909634,
        0,
        3.051871458501347,
        4.251082042103407,
        3.314633344531959,
        7.130968623381053e-15,
        4.943883482227352,
        4.2494922275792
      ],
      [
        4.554396503828764,
        3.051871458501347,
        0,
        4.037248431878665,
        2.9861031316835582,
        3.051871458501344,
        4.726132593381212,
        4.853933084713371
      ],
      [
        3.304110522002671,
        4.251082042103407,
        4.037248431878665,
        0,
        4.26569856795084,
        4.251082042103408,
        3.6865350653010416,
        3.799084054521924
      ],
      [
        5.105071285028087,
        3.314633344531959,
        2.9861031316835582,
        4.26569856795084,
        0,
        3.3146333445319613,
        4.54261129179715,
        4.27146510996793
      ],
      [
        2.7035848903909634,
        7.130968623381053e-15,
        3.051871458501344,
        4.251082042103408,
        3.3146333445319613,
        0,
        4.943883482227352,
        4.249492227579198
      ],
      [
        4.999952163473659,
        4.943883482227352,
        4.726132593381212,
        3.6865350653010416,
        4.54261129179715,
        4.943883482227352,
        0,
        3.6895429901994743
      ],
      [
        4.268469526184017,
        4.2494922275792,
        4.853933084713371,
        3.799084054521924,
        4.27146510996793,
        4.249492227579198,
        3.6895429901994743,
        0
      ]
    ],
    "individuals": [
      "i1",
      "i2",
      "i3",
      "i4",
      "i5",
      "i6",
      "i7",
      "i8"
    ]
  }
}