{
  "dataset": "with_missing_diploid",
  "ploidy": 2,
  "nInd": 16,
  "pops": [
    "A",
    "B"
  ],
  "indices": {
    "all": {
      "L1": {
        "N": 30,
        "Nall": 6,
        "GD": 0.8413793103448275,
        "PIC": 0.7865333333333332,
        "PM": 0.11224489795918366,
        "PD": 0.8877551020408163,
        "Hobs": 0.7142857142857143,
        "PE": 0.4507050633664545,
        "TPI": 1.75
      },
      "L2": {
        "N": 27,
        "Nall": 4,
        "GD": 0.7720797720797722,
        "PIC": 0.6956030867020047,
        "PM": 0.13609467455621305,
        "PD": 0.863905325443787,
        "Hobs": 0.46153846153846156,
        "PE": 0.15600617302238398,
        "TPI": 0.9285714285714286
      },
      "L3": {
        "N": 28,
        "Nall": 5,
        "GD": 0.8042328042328043,
        "PIC": 0.7400627342773844,
        "PM": 0.16326530612244897,
        "PD": 0.8367346938775511,
        "Hobs": 0.8571428571428571,
        "PE": 0.7089903016600225,
        "TPI": 3.4999999999999987
      }
    },
    "A": {
      "L1": {
        "N": 15,
        "Nall": 4,
        "GD": 0.7619047619047619,
        "PIC": 0.660227160493827,
        "PM": 0.18367346938775508,
        "PD": 0.8163265306122449,
        "Hobs": 0.7142857142857143,
        "PE": 0.4507050633664545,
        "TPI": 1.75
      },
      "L2": {
        "N": 14,
        "Nall": 3,
        "GD": 0.6483516483516484,
        "PIC": 0.5228550603915035,
        "PM": 0.22448979591836732,
        "PD": 0.7755102040816326,
        "Hobs": 0.5714285714285714,
        "PE": 0.25798774320223716,
        "TPI": 1.1666666666666665
      },
      "L3": {
        "N": 14,
        "Nall": 4,
        "GD": 0.7142857142857142,
        "PIC": 0.6003227821740941,
        "PM": 0.26530612244897955,
        "PD": 0.7346938775510204,
        "Hobs": 0.8571428571428571,
        "PE": 0.7089903016600225,
        "TPI": 3.4999999999999987
      }
    },
    "B": {
      "L1": {
        "N": 15,
        "Nall": 3,
        "GD": 0.6761904761904762,
        "PIC": 0.5564049382716049,
        "PM": 0.2653061224489796,
        "PD": 0.7346938775510203,
        "Hobs": 0.7142857142857143,
        "PE": 0.4507050633664545,
        "TPI": 1.75
      },
      "L2": {
        "N": 13,
        "Nall": 2,
        "GD": 0.5384615384615384,
        "PIC": 0.37351633346171353,
        "PM": 0.3333333333333333,
        "PD": 0.6666666666666667,
        "Hobs": 0.3333333333333333,
        "PE": 0.07818930041152262,
        "TPI": 0.7499999999999999
      },
      "L3": {
        "N": 14,
        "Nall": 3,
        "GD": 0.6263736263736265,
        "PIC": 0.5174406497292796,
        "PM": 0.3877551020408163,
        "PD": 0.6122448979591837,
        "Hobs": 0.8571428571428571,
        "PE": 0.7089903016600225,
        "TPI": 3.4999999999999987
      }
    }
  },
  "freqs": {
    "all": {
      "L1": {
        "N": 30,
        "freq": {
          "10": 0.13333333333333333,
          "11": 0.2,
          "12": 0.1,
          "13": 0.23333333333333334,
          "14": 0.23333333333333334,
          "15": 0.1
        }
      },
      "L2": {
        "N": 27,
        "freq": {
          "14": 0.25925925925925924,
          "15": 0.18518518518518517,
          "16": 0.2962962962962963,
          "17": 0.25925925925925924
        }
      },
      "L3": {
        "N": 28,
        "freq": {
          "20": 0.17857142857142858,
          "21": 0.21428571428571427,
          "22": 0.17857142857142858,
          "23": 0.32142857142857145,
          "24": 0.10714285714285714
        }
      }
    },
    "A": {
      "L1": {
        "N": 15,
        "freq": {
          "10": 0.26666666666666666,
          "11": 0.4,
          "12": 0.2,
          "13": 0.13333333333333333
        }
      },
      "L2": {
        "N": 14,
        "freq": {
          "14": 0.5,
          "15": 0.35714285714285715,
          "16": 0.14285714285714285
        }
      },
      "L3": {
        "N": 14,
        "freq": {
          "20": 0.35714285714285715,
          "21": 0.42857142857142855,
          "22": 0.14285714285714285,
          "23": 0.07142857142857142
        }
      }
    },
    "B": {
      "L1": {
        "N": 15,
        "freq": {
          "13": 0.3333333333333333,
          "14": 0.4666666666666667,
          "15": 0.2
        }
      },
      "L2": {
        "N": 13,
        "freq": {
          "16": 0.46153846153846156,
          "17": 0.5384615384615384
        }
      },
      "L3": {
        "N": 14,
        "freq": {
          "22": 0.21428571428571427,
          "23": 0.5714285714285714,
          "24": 0.21428571428571427
        }
      }
    }
  },
  "perLocusFstats": {
    "L1": {
      "Ho": 0.7142857142857143,
      "Hs": 0.7142857142857143,
      "Ht": 0.8367346938775511,
      "Fis": 0,
      "Fst": 0.25531914893617025
    },
    "L2": {
      "Ho": 0.45238095238095233,
      "Hs": 0.6104963112005365,
      "Ht": 0.7695338698859826,
      "Fis": 0.25899478165339196,
      "Fst": 0.3414265391657151
    },
    "L3": {
      "Ho": 0.8571428571428571,
      "Hs": 0.6547619047619049,
      "Ht": 0.7916666666666666,
      "Fis": -0.30909090909090886,
      "Fst": 0.2948717948717949
    }
  },
  "pairwiseFst": {
    "populations": [
      "A",
      "B"
    ],
    "matrix": [
      [
        0,
        0.2968071579045036
      ],
      [
        0.2968071579045036,
        0
      ]
    ]
  },
  "distances": {
    "nei": {
      "populations": [
        "A",
        "B"
      ],
      "matrix": [
        [
          0,
          1.843868002789254
        ],
        [
          1.843868002789254,
          0
        ]
      ]
    },
    "edwards": {
      "populations": [
        "A",
        "B"
      ],
      "matrix": [
        [
          0,
          0.8476263193666529
        ],
        [
          0.8476263193666529,
          0
        ]
      ]
    },
    "reynolds": {
      "populations": [
        "A",
        "B"
      ],
      "matrix": [
        [
          0,
          0.588216729737415
        ],
        [
          0.588216729737415,
          0
        ]
      ]
    },
    "rogers": {
      "populations": [
        "A",
        "B"
      ],
      "matrix": [
        [
          0,
          0.5689057727581559
        ],
        [
          0.5689057727581559,
          0
        ]
      ]
    },
    "provesti": {
      "populations": [
        "A",
        "B"
      ],
      "matrix": [
        [
          0,
          0.8365079365079365
        ],
        [
          0.8365079365079365,
          0
        ]
      ]
    }
  },
  "pca": {
    "nInd": 16,
    "nCols": 15,
    "eigenvalues": [
      4.9419179644422675,
      2.606842382009567,
      1.8912222234534326,
      1.5706920272701728,
      1.2543390636709604,
      1.0451746163273212,
      0.5748940608985847,
      0.5011435606526865,
      0.29933917420057116,
      0.19204790244651873,
      0.09583787744898702,
      0.026549147178930924,
      1.9056190572125739e-16,
      1.8406129028899068e-16,
      -1.6835804111446373e-16
    ],
    "variance": [
      0.3294611976294845,
      0.17378949213397113,
      0.12608148156356216,
      0.10471280181801151,
      0.08362260424473068,
      0.06967830775515474,
      0.03832627072657232,
      0.0334095707101791,
      0.019955944946704746,
      0.012803193496434582,
      0.006389191829932468,
      0.0017699431452620617,
      1.2704127048083826e-17,
      1.2270752685932711e-17,
      0
    ],
    "cumulative": [
      0.3294611976294845,
      0.5032506897634557,
      0.6293321713270178,
      0.7340449731450294,
      0.81766757738976,
      0.8873458851449147,
      0.9256721558714871,
      0.9590817265816662,
      0.979037671528371,
      0.9918408650248055,
      0.998230056854738,
      1,
      1,
      1,
      1
    ],